{"002807.SZ": {"cutoff_price": 4.57, "return_1m": 0.0, "return_3m": 0.02188183807439817, "return_6m": 0.02188183807439817, "return_12m": 0.02188183807439817, "max_drawdown_6m": 0.05296610169491526, "max_gain_6m": 0.03282275711159725, "volatility_6m": 0.010659236512373976, "actual_dividends": 0.0, "data_available_months": 2}, "601577.SH": {"cutoff_price": 9.7, "return_1m": 0.00618556701030933, "return_3m": 0.010309278350515611, "return_6m": 0.010309278350515611, "return_12m": 0.010309278350515611, "max_drawdown_6m": 0.06132542037586541, "max_gain_6m": 0.04226804123711342, "volatility_6m": 0.010671905128877992, "actual_dividends": 0.0, "data_available_months": 2}, "002839.SZ": {"cutoff_price": 4.57, "return_1m": 0.0, "return_3m": 0.008752735229759306, "return_6m": 0.008752735229759306, "return_12m": 0.008752735229759306, "max_drawdown_6m": 0.06932773109243699, "max_gain_6m": 0.04157549234135656, "volatility_6m": 0.010234712905006455, "actual_dividends": 0.0, "data_available_months": 2}, "601919.SH": {"cutoff_price": 15.18, "return_1m": -0.052042160737812856, "return_3m": 0.03952569169960472, "return_6m": 0.03952569169960472, "return_12m": 0.03952569169960472, "max_drawdown_6m": 0.09251620506776656, "max_gain_6m": 0.11791831357048743, "volatility_6m": 0.021709696253565565, "actual_dividends": 0.0, "data_available_months": 2}, "601668.SH": {"cutoff_price": 5.13, "return_1m": -0.01754385964912278, "return_3m": 0.003898635477582936, "return_6m": 0.003898635477582936, "return_12m": 0.003898635477582936, "max_drawdown_6m": 0.048169556840077066, "max_gain_6m": 0.011695906432748635, "volatility_6m": 0.010139282043888895, "actual_dividends": 0.0, "data_available_months": 2}, "601390.SH": {"cutoff_price": 5.41, "return_1m": 0.05360443622920518, "return_3m": 0.09796672828096123, "return_6m": 0.09796672828096123, "return_12m": 0.09796672828096123, "max_drawdown_6m": 0.08828522920203728, "max_gain_6m": 0.16451016635859514, "volatility_6m": 0.02997550166391549, "actual_dividends": 0.0, "data_available_months": 2}, "600153.SH": {"cutoff_price": 9.25, "return_1m": 0.03135135135135126, "return_3m": 0.021621621621621546, "return_6m": 0.021621621621621546, "return_12m": 0.021621621621621546, "max_drawdown_6m": 0.0570221752903908, "max_gain_6m": 0.05081081081081088, "volatility_6m": 0.015904035432948077, "actual_dividends": 0.2, "data_available_months": 2}, "601186.SH": {"cutoff_price": 7.67, "return_1m": -0.0521512385919166, "return_3m": -0.020860495436766643, "return_6m": -0.020860495436766643, "return_12m": -0.020860495436766643, "max_drawdown_6m": 0.0882352941176471, "max_gain_6m": 0.019556714471968755, "volatility_6m": 0.010688349383281394, "actual_dividends": 0.0, "data_available_months": 2}, "600023.SH": {"cutoff_price": 4.95, "return_1m": 0.0, "return_3m": 0.12525252525252528, "return_6m": 0.12525252525252528, "return_12m": 0.12525252525252528, "max_drawdown_6m": 0.03346456692913384, "max_gain_6m": 0.14141414141414144, "volatility_6m": 0.010097034816672755, "actual_dividends": 0.0, "data_available_months": 2}, "000651.SZ": {"cutoff_price": 40.22, "return_1m": -0.037792143212332076, "return_3m": -0.04027846842366976, "return_6m": -0.04027846842366976, "return_12m": -0.04027846842366976, "max_drawdown_6m": 0.10634689922480621, "max_gain_6m": 0.026355047240179074, "volatility_6m": 0.009787503488069255, "actual_dividends": 1.0, "data_available_months": 2}, "600269.SH": {"cutoff_price": 5.19, "return_1m": -0.04624277456647403, "return_3m": -0.036608863198458644, "return_6m": -0.036608863198458644, "return_12m": -0.036608863198458644, "max_drawdown_6m": 0.07442748091603064, "max_gain_6m": 0.009633911368015379, "volatility_6m": 0.009719850016388452, "actual_dividends": 0.0, "data_available_months": 2}, "600098.SH": {"cutoff_price": 6.54, "return_1m": 0.09480122324159022, "return_3m": 0.2033639143730887, "return_6m": 0.2033639143730887, "return_12m": 0.2033639143730887, "max_drawdown_6m": 0.0418994413407821, "max_gain_6m": 0.2308868501529053, "volatility_6m": 0.01608368464009325, "actual_dividends": 0.0, "data_available_months": 2}, "600582.SH": {"cutoff_price": 5.83, "return_1m": 0.03430531732418528, "return_3m": 0.07547169811320746, "return_6m": 0.07547169811320746, "return_12m": 0.07547169811320746, "max_drawdown_6m": 0.03465346534653465, "max_gain_6m": 0.07547169811320746, "volatility_6m": 0.009758890226081942, "actual_dividends": 0.0, "data_available_months": 2}, "600704.SH": {"cutoff_price": 5.57, "return_1m": 0.05026929982046667, "return_3m": 0.00897666068222618, "return_6m": 0.00897666068222618, "return_12m": 0.00897666068222618, "max_drawdown_6m": 0.0783333333333333, "max_gain_6m": 0.07719928186714536, "volatility_6m": 0.014123846469775282, "actual_dividends": 0.1, "data_available_months": 2}, "600064.SH": {"cutoff_price": 8.68, "return_1m": 0.04032258064516125, "return_3m": 0.024193548387096874, "return_6m": 0.024193548387096874, "return_12m": 0.024193548387096874, "max_drawdown_6m": 0.06652126499454737, "max_gain_6m": 0.05645161290322583, "volatility_6m": 0.014223494659845123, "actual_dividends": 0.0, "data_available_months": 2}, "600642.SH": {"cutoff_price": 7.78, "return_1m": 0.07069408740359895, "return_3m": 0.18123393316195363, "return_6m": 0.18123393316195363, "return_12m": 0.18123393316195363, "max_drawdown_6m": 0.019047619047619063, "max_gain_6m": 0.18123393316195363, "volatility_6m": 0.009089075573690123, "actual_dividends": 0.0, "data_available_months": 2}, "603565.SH": {"cutoff_price": 10.04, "return_1m": 0.01892430278884475, "return_3m": 0.09462151394422322, "return_6m": 0.09462151394422322, "return_12m": 0.09462151394422322, "max_drawdown_6m": 0.0375, "max_gain_6m": 0.11553784860557771, "volatility_6m": 0.01086753398569335, "actual_dividends": 0.0, "data_available_months": 2}, "000719.SZ": {"cutoff_price": 11.76, "return_1m": 0.08673469387755099, "return_3m": 0.09523809523809533, "return_6m": 0.09523809523809533, "return_12m": 0.09523809523809533, "max_drawdown_6m": 0.0917094644167278, "max_gain_6m": 0.15901360544217696, "volatility_6m": 0.01979861097835883, "actual_dividends": 0.0, "data_available_months": 2}, "600177.SH": {"cutoff_price": 7.6, "return_1m": -0.03289473684210526, "return_3m": -0.005263157894736847, "return_6m": -0.005263157894736847, "return_12m": -0.005263157894736847, "max_drawdown_6m": 0.08476821192052976, "max_gain_6m": -0.005263157894736847, "volatility_6m": 0.011898428403161144, "actual_dividends": 0.0, "data_available_months": 2}, "600219.SH": {"cutoff_price": 5.38, "return_1m": 0.3643122676579926, "return_3m": 0.36988847583643125, "return_6m": 0.36988847583643125, "return_12m": 0.36988847583643125, "max_drawdown_6m": 0.19117647058823536, "max_gain_6m": 0.5167286245353161, "volatility_6m": 0.03997023055920203, "actual_dividends": 0.0, "data_available_months": 2}, "001872.SZ": {"cutoff_price": 19.33, "return_1m": 0.017589239524056048, "return_3m": 0.1505431971029488, "return_6m": 0.1505431971029488, "return_12m": 0.1505431971029488, "max_drawdown_6m": 0.07070260715863888, "max_gain_6m": 0.1707190894981894, "volatility_6m": 0.019054188733092003, "actual_dividends": 0.0, "data_available_months": 2}, "600483.SH": {"cutoff_price": 9.47, "return_1m": -0.03695881731784598, "return_3m": 0.1657866948257654, "return_6m": 0.1657866948257654, "return_12m": 0.1657866948257654, "max_drawdown_6m": 0.055323590814196175, "max_gain_6m": 0.1657866948257654, "volatility_6m": 0.015094939164684964, "actual_dividends": 0.0, "data_available_months": 2}, "600741.SH": {"cutoff_price": 20.0, "return_1m": -0.03849999999999998, "return_3m": -0.051999999999999956, "return_6m": -0.051999999999999956, "return_12m": -0.051999999999999956, "max_drawdown_6m": 0.11469879518072285, "max_gain_6m": 0.0375, "volatility_6m": 0.015408492013108342, "actual_dividends": 0.0, "data_available_months": 2}, "600585.SH": {"cutoff_price": 21.86, "return_1m": 0.12168344007319305, "return_3m": 0.15919487648673378, "return_6m": 0.15919487648673378,