{"600016.SH": {"cutoff_price": 4.13, "return_1m": 0.00484261501210665, "return_3m": -0.05569007263922518, "return_6m": 0.15738498789346256, "return_12m": -0.06537530266343826, "max_drawdown_6m": 0.09952606635071089, "max_gain_6m": 0.18401937046004838, "volatility_6m": 0.011647137782562099, "actual_dividends": 0.198, "data_available_months": 12}, "000001.SZ": {"cutoff_price": 11.7, "return_1m": -0.019658119658119543, "return_3m": -0.03760683760683756, "return_6m": 0.042735042735042736, "return_12m": -0.013675213675213687, "max_drawdown_6m": 0.10609857978279041, "max_gain_6m": 0.06068376068376076, "volatility_6m": 0.01063207793989362, "actual_dividends": 0.598, "data_available_months": 12}, "601229.SH": {"cutoff_price": 9.15, "return_1m": 0.01639344262295086, "return_3m": 0.07650273224043708, "return_6m": 0.16174863387978147, "return_12m": 0.08415300546448082, "max_drawdown_6m": 0.07390917186108638, "max_gain_6m": 0.22732240437158469, "volatility_6m": 0.013172647301811662, "actual_dividends": 0.52, "data_available_months": 12}, "600971.SH": {"cutoff_price": 9.41, "return_1m": -0.042507970244420865, "return_3m": -0.1360255047821466, "return_6m": -0.2964930924548353, "return_12m": -0.33368756641870356, "max_drawdown_6m": 0.30131004366812225, "max_gain_6m": -0.026567481402763018, "volatility_6m": 0.016608574390474227, "actual_dividends": 0.47000000000000003, "data_available_months": 12}, "600985.SH": {"cutoff_price": 14.07, "return_1m": 0.005685856432125094, "return_3m": -0.07249466950959485, "return_6m": -0.1918976545842218, "return_12m": -0.2004264392324094, "max_drawdown_6m": 0.2049469964664311, "max_gain_6m": 0.005685856432125094, "volatility_6m": 0.015568753492981634, "actual_dividends": 0.75, "data_available_months": 12}, "601666.SH": {"cutoff_price": 10.02, "return_1m": -0.09880239520958087, "return_3m": -0.14171656686626746, "return_6m": -0.25848303393213573, "return_12m": -0.2035928143712574, "max_drawdown_6m": 0.24377593360995856, "max_gain_6m": -0.03792415169660669, "volatility_6m": 0.013882394752643136, "actual_dividends": 0.6, "data_available_months": 12}, "601668.SH": {"cutoff_price": 6.0, "return_1m": -0.06000000000000005, "return_3m": -0.12333333333333336, "return_6m": -0.036666666666666625, "return_12m": -0.13499999999999993, "max_drawdown_6m": 0.12714776632302408, "max_gain_6m": -0.02833333333333332, "volatility_6m": 0.01081112839021336, "actual_dividends": 0.2715, "data_available_months": 12}, "601717.SH": {"cutoff_price": 12.98, "return_1m": 0.0154083204930662, "return_3m": 0.2211093990755007, "return_6m": 0.2989214175654853, "return_12m": 0.892141756548536, "max_drawdown_6m": 0.12176656151419557, "max_gain_6m": 0.3567026194144837, "volatility_6m": 0.01892076682032619, "actual_dividends": 1.12, "data_available_months": 12}, "600153.SH": {"cutoff_price": 10.52, "return_1m": -0.08840304182509504, "return_3m": -0.014258555133079883, "return_6m": -0.0076045627376425924, "return_12m": -0.08840304182509504, "max_drawdown_6m": 0.09116279069767445, "max_gain_6m": 0.021863117870722475, "volatility_6m": 0.01615093876127511, "actual_dividends": 0.7, "data_available_months": 12}, "601186.SH": {"cutoff_price": 9.17, "return_1m": -0.06870229007633596, "return_3m": -0.13631406761177753, "return_6m": -0.12649945474372956, "return_12m": -0.148309705561614, "max_drawdown_6m": 0.13538111490329915, "max_gain_6m": -0.041439476553980455, "volatility_6m": 0.011754643221278376, "actual_dividends": 0.6, "data_available_months": 12}, "600248.SH": {"cutoff_price": 4.48, "return_1m": -0.031250000000000125, "return_3m": -0.04464285714285718, "return_6m": -0.1473214285714287, "return_12m": -0.19866071428571438, "max_drawdown_6m": 0.15575620767494347, "max_gain_6m": -0.011160714285714444, "volatility_6m": 0.01504437520108945, "actual_dividends": 0.09, "data_available_months": 12}, "000932.SZ": {"cutoff_price": 4.18, "return_1m": 0.08373205741626807, "return_3m": 0.19138755980861263, "return_6m": 0.04306220095693795, "return_12m": 0.35167464114832553, "max_drawdown_6m": 0.19629629629629639, "max_gain_6m": 0.29186602870813416, "volatility_6m": 0.02451361454485163, "actual_dividends": 0.1, "data_available_months": 12}, "002091.SZ": {"cutoff_price": 7.32, "return_1m": -0.013661202185792422, "return_3m": 0.040983606557377025, "return_6m": 0.0040983606557376175, "return_12m": 0.2677595628415299, "max_drawdown_6m": 0.1725, "max_gain_6m": 0.09289617486338794, "volatility_6m": 0.01676907808535983, "actual_dividends": 0.4699991, "data_available_months": 12}, "601006.SH": {"cutoff_price": 6.78, "return_1m": -0.019174041297935086, "return_3m": -0.0353982300884956, "return_6m": -0.025073746312684355, "return_12m": -0.22123893805309733, "max_drawdown_6m": 0.06736526946107774, "max_gain_6m": 0.011799410029498535, "volatility_6m": 0.010620192110056879, "actual_dividends": 0.22000000000000003, "data_available_months": 12}, "600177.SH": {"cutoff_price": 8.9, "return_1m": -0.08314606741573036, "return_3m": -0.09325842696629214, "return_6m": -0.17415730337078658, "return_12m": -0.15617977528089894, "max_drawdown_6m": 0.1662817551963049, "max_gain_6m": -0.026966292134831482, "volatility_6m": 0.012263111159486514, "actual_dividends": 0.4600000000000001, "data_available_months": 12}, "600704.SH": {"cutoff_price": 5.06, "return_1m": -0.059288537549407085, "return_3m": -0.003952569169960391, "return_6m": 0.04347826086956535, "return_12m": 0.10276679841897243, "max_drawdown_6m": 0.12121212121212131, "max_gain_6m": 0.061264822134387456, "volatility_6m": 0.016135006182136723, "actual_dividends": 0.21, "data_available_months": 12}, "000581.SZ": {"cutoff_price": 18.88, "return_1m": -0.03866525423728816, "return_3m": 0.12976694915254233, "return_6m": -0.0015889830508473298, "return_12m": 0.08845338983050857, "max_drawdown_6m": 0.34974838245866285, "max_gain_6m": 0.47351694915254244, "volatility_6m": 0.029674592849965764, "actual_dividends": 1.0, "data_available_months": 12}, "601919.SH": {"cutoff_price": 15.5, "return_1m": -0.07935483870967745, "return_3m": -0.06129032258064512, "return_6m": -0.029677419354838766, "return_12m": -0.016774193548387082, "max_drawdown_6m": 0.1523619427811044, "max_gain_6m": 0.07806451612903231, "volatility_6m": 0.017753930507905885, "actual_dividends": 1.59, "data_available_months": 12}, "600064.SH": {"cutoff_price": 7.77, "return_1m": -0.045045045045045, "return_3m": -0.06048906048906046, "return_6m": 0.0025740025740026338, "return_12m": 0.08622908622908622, "max_drawdown_6m": 0.11803713527851455, "max_gain_6m": 0.003861003861003893, "volatility_6m": 0.013843682000679806, "actual_dividends": 0.3, "data_available_months": 12}, "600219.SH": {"cutoff_price": 3.91, "return_1m": 0.03836317135549858, "return_3m": -0.0255754475703325, "return_6m": -0.012787723785166308, "return_12m": 0.35805626598465456, "max_drawdown_6m": 0.21052631578947367, "max_gain_6m": 0.06905370843989758, "volatility_6m": 0.016095492166607918, "actual_dividends": 0.3884, "data_available_months": 12}, "000933.SZ": {"cutoff_price": 16.9, "return_1m": 0.0928994082840237, "return_3m": 0.11005917159763332, "return_6m": 0.0, "return_12m": 0.622485207100592, "max_drawdown_6m": 0.21991300144997586, "max_gain_6m": 0.22426035502958597, "volatility_6m": 0.021971837162427853, "actual_dividends": 0.0, "data_available_months": 12}, "600741.SH": {"cutoff_price": 17.61, "return_1m": -0.04599659284497438, "return_3m": 0.02555366269165243, "return_6m": 0.014764338444065961, "return_12m": 0.12890403180011356, "max_drawdown_6m": 0.11640498105035185, "max_gain_6m": 0.08177172061328798, "volatility_6m": 0.015112108696685635, "actual_dividends": 0.8, "data_available_months": 12}, "600282.SH": {"cutoff_price": 4.69, "return_1m": -0.010660980810234692, "return_3m": -0.01705756929637528, "return_6m": -0.12579957356076774, "return_12m": 0.10447761194029835, "max_drawdown_6m": 0.15876288659793808, "max_gain_6m": 0.03411513859275037, "volatility_6m": 0.017251717440681054, "actual_dividends": 0.2036,