{"600153.SH": {"cutoff_price": 8.93, "return_1m": -0.14445688689809633, "return_3m": 0.05039193729003372, "return_6m": 0.16349384098544242, "return_12m": 0.16013437849944007, "max_drawdown_6m": 0.21988950276243105, "max_gain_6m": 0.17917133258678608, "volatility_6m": 0.02468964118481138, "actual_dividends": 0.7, "data_available_months": 13}, "601077.SH": {"cutoff_price": 5.02, "return_1m": 0.0318725099601594, "return_3m": 0.051792828685259105, "return_6m": 0.17729083665338657, "return_12m": 0.4840637450199205, "max_drawdown_6m": 0.11382113821138214, "max_gain_6m": 0.2250996015936257, "volatility_6m": 0.020959498396679658, "actual_dividends": 0.3046, "data_available_months": 13}, "601668.SH": {"cutoff_price": 5.31, "return_1m": 0.06214689265536725, "return_3m": 0.09227871939736351, "return_6m": 0.13747645951035792, "return_12m": 0.09792843691148785, "max_drawdown_6m": 0.1587301587301588, "max_gain_6m": 0.23163841807909613, "volatility_6m": 0.022698093825347446, "actual_dividends": 0.2715, "data_available_months": 13}, "000932.SZ": {"cutoff_price": 4.43, "return_1m": 0.038374717832957095, "return_3m": -0.03386004514672675, "return_6m": -0.038374717832957095, "return_12m": 0.004514672686230353, "max_drawdown_6m": 0.27253218884120173, "max_gain_6m": 0.0948081264108352, "volatility_6m": 0.0252990904137103, "actual_dividends": 0.1, "data_available_months": 13}, "601288.SH": {"cutoff_price": 4.36, "return_1m": 0.07798165137614675, "return_3m": 0.07798165137614675, "return_6m": 0.21788990825688057, "return_12m": 0.38073394495412827, "max_drawdown_6m": 0.10843373493975904, "max_gain_6m": 0.21788990825688057, "volatility_6m": 0.015365033648323595, "actual_dividends": 0.3614, "data_available_months": 13}, "600919.SH": {"cutoff_price": 7.43, "return_1m": 0.04037685060565285, "return_3m": 0.0901749663526245, "return_6m": 0.3068640646029611, "return_12m": 0.6366083445491253, "max_drawdown_6m": 0.09245742092457429, "max_gain_6m": 0.3149394347240915, "volatility_6m": 0.01667085235666299, "actual_dividends": 0.5206000000000001, "data_available_months": 13}, "000002.SZ": {"cutoff_price": 6.93, "return_1m": -0.025974025974025934, "return_3m": 0.27561327561327564, "return_6m": 0.08946608946608949, "return_12m": -0.07215007215007216, "max_drawdown_6m": 0.27649325626204246, "max_gain_6m": 0.497835497835498, "volatility_6m": 0.030161312523667563, "actual_dividends": 0.0, "data_available_months": 13}, "600064.SH": {"cutoff_price": 6.07, "return_1m": -0.042833607907743106, "return_3m": 0.10214168039538717, "return_6m": 0.2751235584843492, "return_12m": 0.2800658978583195, "max_drawdown_6m": 0.12335958005249349, "max_gain_6m": 0.4069192751235583, "volatility_6m": 0.021461518333470715, "actual_dividends": 0.3, "data_available_months": 13}, "600123.SH": {"cutoff_price": 8.95, "return_1m": -0.14748603351955303, "return_3m": 0.03351955307262578, "return_6m": -0.03351955307262558, "return_12m": -0.28156424581005585, "max_drawdown_6m": 0.1944146079484426, "max_gain_6m": 0.12402234636871523, "volatility_6m": 0.024052963916390297, "actual_dividends": 0.15, "data_available_months": 13}, "000719.SZ": {"cutoff_price": 10.11, "return_1m": -0.03659742828882287, "return_3m": 0.1473788328387735, "return_6m": 0.14243323442136513, "return_12m": 0.2621167161226509, "max_drawdown_6m": 0.18110850897736144, "max_gain_6m": 0.26706231454005946, "volatility_6m": 0.02411490005669449, "actual_dividends": 0.6, "data_available_months": 13}, "600820.SH": {"cutoff_price": 6.53, "return_1m": 0.06584992343032155, "return_3m": -0.050535987748851464, "return_6m": 0.10107197549770293, "return_12m": -0.05972434915773362, "max_drawdown_6m": 0.24964539007092196, "max_gain_6m": 0.10719754977029099, "volatility_6m": 0.017800134080074727, "actual_dividends": 0.3, "data_available_months": 13}, "000937.SZ": {"cutoff_price": 6.7, "return_1m": -0.19552238805970157, "return_3m": -0.07761194029850753, "return_6m": -0.06119402985074629, "return_12m": -0.14328358208955222, "max_drawdown_6m": 0.26285714285714284, "max_gain_6m": 0.044776119402985044, "volatility_6m": 0.02164245754051951, "actual_dividends": 0.6, "data_available_months": 13}, "601666.SH": {"cutoff_price": 11.2, "return_1m": -0.12053571428571426, "return_3m": -0.10178571428571419, "return_6m": -0.12232142857142851, "return_12m": -0.34464285714285714, "max_drawdown_6m": 0.3299145299145299, "max_gain_6m": 0.044642857142857144, "volatility_6m": 0.02593686002196928, "actual_dividends": 0.6, "data_available_months": 13}, "000581.SZ": {"cutoff_price": 16.28, "return_1m": 0.01658476658476656, "return_3m": 0.10012285012285005, "return_6m": 0.1664619164619163, "return_12m": 0.167076167076167, "max_drawdown_6m": 0.12593703148425803, "max_gain_6m": 0.22911547911547914, "volatility_6m": 0.017702654652479315, "actual_dividends": 1.0, "data_available_months": 13}, "600755.SH": {"cutoff_price": 7.17, "return_1m": -0.12970711297071125, "return_3m": -0.04044630404463041, "return_6m": -0.06694560669456061, "return_12m": -0.12970711297071125, "max_drawdown_6m": 0.23586206896551723, "max_gain_6m": 0.08786610878661086, "volatility_6m": 0.020452993488822985, "actual_dividends": 0.33, "data_available_months": 13}, "600177.SH": {"cutoff_price": 7.12, "return_1m": -0.01825842696629212, "return_3m": 0.05196629213483148, "return_6m": 0.24578651685393246, "return_12m": 0.04213483146067413, "max_drawdown_6m": 0.14602346805736638, "max_gain_6m": 0.31741573033707876, "volatility_6m": 0.019916627497528972, "actual_dividends": 0.4600000000000001, "data_available_months": 13}, "603688.SH": {"cutoff_price": 29.61, "return_1m": -0.08510638297872339, "return_3m": -0.0790273556231003, "return_6m": 0.01722391084093217, "return_12m": 0.21884498480243175, "max_drawdown_6m": 0.27999999999999997, "max_gain_6m": 0.17392772711921645, "volatility_6m": 0.031959739267624965, "actual_dividends": 0.0, "data_available_months": 13}, "000785.SZ": {"cutoff_price": 2.43, "return_1m": 0.024691358024691377, "return_3m": 0.11934156378600824, "return_6m": 0.6008230452674896, "return_12m": 0.24691358024691343, "max_drawdown_6m": 0.2840690978886756, "max_gain_6m": 1.1440329218106995, "volatility_6m": 0.03688207986662328, "actual_dividends": 0.0, "data_available_months": 13}, "600048.SH": {"cutoff_price": 8.76, "return_1m": -0.04908675799086755, "return_3m": 0.14497716894977164, "return_6m": 0.042237442922374545, "return_12m": -0.08105022831050218, "max_drawdown_6m": 0.22060085836909873, "max_gain_6m": 0.32990867579908684, "volatility_6m": 0.02850226141910888, "actual_dividends": 0.17, "data_available_months": 13}, "600901.SH": {"cutoff_price": 5.05, "return_1m": -0.001980198019801938, "return_3m": -0.015841584158415856, "return_6m": 0.03168316831683171, "return_12m": 0.2198019801980199, "max_drawdown_6m": 0.19774011299435026, "max_gain_6m": 0.09900990099009901, "volatility_6m": 0.02036909737582289, "actual_dividends": 0.4, "data_available_months": 13}, "601186.SH": {"cutoff_price": 8.57, "return_1m": -0.03383897316219381, "return_3m": -0.043173862310385176, "return_6m": 0.08751458576429405, "return_12m": -0.06301050175029183, "max_drawdown_6m": 0.21222606689734716, "max_gain_6m": 0.19719953325554251, "volatility_6m": 0.025391013093456143, "actual_dividends": 0.6, "data_available_months": 13}, "002756.SZ": {"cutoff_price": 35.78, "return_1m": -0.10871995528228062, "return_3m": 0.06400223588596979, "return_6m": 0.09977641140301845, "return_12m": -0.11486864169927331, "max_drawdown_6m": 0.21420000000000003, "max_gain_6m": 0.3974287311347121, "volatility_6m": 0.033554492816663735, "actual_dividends": 0.0, "data_available_months": 13}, "600057.SH": {"cutoff_price": 6.8, "return_1m": -0.2558823529411765, "return_3m": -0.12058823529411757, "return_6m": -0.0485294117647059, "return_12m": 0.026470588235294207, "max_drawdown_6m": 0.32323232323232315, "max_gain_6m": 0.019117647058823514, "volatility_6m": 0.025556135952416622, "actual_dividends": 0.35, "data_available_months": 13}, "600741.SH": {"cutoff_price": 16.38,