{"601229.SH": {"cutoff_price": 5.75, "return_1m": 0.06608695652173911, "return_3m": 0.07304347826086956, "return_6m": 0.043478260869565216, "return_12m": 0.3008695652173914, "max_drawdown_6m": 0.06420545746388448, "max_gain_6m": 0.0834782608695653, "volatility_6m": 0.007067355115685892, "actual_dividends": 0.74, "data_available_months": 13}, "600383.SH": {"cutoff_price": 7.21, "return_1m": 0.17337031900138708, "return_3m": -0.05409153952843269, "return_6m": -0.4174757281553398, "return_12m": -0.5270457697642164, "max_drawdown_6m": 0.5222348916761687, "max_gain_6m": 0.2163661581137309, "volatility_6m": 0.02759979175988596, "actual_dividends": 0.0197, "data_available_months": 13}, "601166.SH": {"cutoff_price": 15.65, "return_1m": 0.053674121405750674, "return_3m": 0.04089456869009577, "return_6m": -0.07220447284345052, "return_12m": 0.11309904153354641, "max_drawdown_6m": 0.15306122448979595, "max_gain_6m": 0.06453674121405749, "volatility_6m": 0.008798188505367325, "actual_dividends": 1.04, "data_available_months": 13}, "601077.SH": {"cutoff_price": 3.59, "return_1m": 0.08356545961002794, "return_3m": 0.11420612813370477, "return_6m": 0.1559888579387188, "return_12m": 0.3844011142061281, "max_drawdown_6m": 0.0763888888888889, "max_gain_6m": 0.20334261838440124, "volatility_6m": 0.009877175804116456, "actual_dividends": 0.2885, "data_available_months": 13}, "600123.SH": {"cutoff_price": 8.18, "return_1m": 0.08801955990220058, "return_3m": 0.1723716381418093, "return_6m": 0.36674816625916873, "return_12m": 0.0892420537897311, "max_drawdown_6m": 0.09621289662231315, "max_gain_6m": 0.36674816625916873, "volatility_6m": 0.015614357627842766, "actual_dividends": 0.75, "data_available_months": 13}, "600755.SH": {"cutoff_price": 7.74, "return_1m": 0.003875968992247979, "return_3m": 0.01808785529715758, "return_6m": -0.11498708010335924, "return_12m": -0.009043927648578847, "max_drawdown_6m": 0.15749999999999997, "max_gain_6m": 0.033591731266149845, "volatility_6m": 0.014109171563266376, "actual_dividends": 0.5, "data_available_months": 13}, "601919.SH": {"cutoff_price": 9.4, "return_1m": 0.0744680851063829, "return_3m": 0.04361702127659576, "return_6m": 0.03404255319148939, "return_12m": 0.6627659574468086, "max_drawdown_6m": 0.08560677328316087, "max_gain_6m": 0.13085106382978728, "volatility_6m": 0.013954254905911253, "actual_dividends": 0.75, "data_available_months": 13}, "601666.SH": {"cutoff_price": 7.54, "return_1m": 0.06233421750663127, "return_3m": 0.36737400530503983, "return_6m": 0.5610079575596816, "return_12m": 0.506631299734748, "max_drawdown_6m": 0.10646041856232938, "max_gain_6m": 0.5941644562334217, "volatility_6m": 0.020755734023470085, "actual_dividends": 0.99, "data_available_months": 13}, "600985.SH": {"cutoff_price": 11.52, "return_1m": 0.07812500000000003, "return_3m": 0.21093749999999997, "return_6m": 0.4826388888888888, "return_12m": 0.4713541666666667, "max_drawdown_6m": 0.06879999999999996, "max_gain_6m": 0.5225694444444444, "volatility_6m": 0.016823659535692537, "actual_dividends": 1.0, "data_available_months": 13}, "600177.SH": {"cutoff_price": 6.31, "return_1m": 0.11251980982567354, "return_3m": 0.12678288431061818, "return_6m": 0.023771790808240944, "return_12m": 0.12995245641838357, "max_drawdown_6m": 0.10555555555555553, "max_gain_6m": 0.1410459587955627, "volatility_6m": 0.007939927186005879, "actual_dividends": 0.7, "data_available_months": 13}, "600064.SH": {"cutoff_price": 6.61, "return_1m": 0.03479576399394849, "return_3m": -0.03630862329803331, "return_6m": -0.09682299546142217, "return_12m": -0.10136157337367624, "max_drawdown_6m": 0.15909090909090912, "max_gain_6m": 0.06505295007564292, "volatility_6m": 0.013113147561517387, "actual_dividends": 0.28, "data_available_months": 13}, "000002.SZ": {"cutoff_price": 14.02, "return_1m": 0.08630527817403716, "return_3m": -0.06704707560627672, "return_6m": -0.27460770328102707, "return_12m": -0.5014265335235377, "max_drawdown_6m": 0.33745928338762216, "max_gain_6m": 0.09486447931526391, "volatility_6m": 0.0173049671765389, "actual_dividends": 0.0, "data_available_months": 13}, "600048.SH": {"cutoff_price": 13.03, "return_1m": 0.10437452033768237, "return_3m": -0.02225633154259395, "return_6m": -0.27168073676132, "return_12m": -0.2885648503453569, "max_drawdown_6m": 0.3566101694915254, "max_gain_6m": 0.1320030698388335, "volatility_6m": 0.019120814232604574, "actual_dividends": 0.41, "data_available_months": 13}, "601598.SH": {"cutoff_price": 4.66, "return_1m": 0.02575107296137341, "return_3m": 0.06652360515021451, "return_6m": 0.12231759656652366, "return_12m": 0.18884120171673816, "max_drawdown_6m": 0.2315789473684211, "max_gain_6m": 0.22317596566523606, "volatility_6m": 0.018795534921878996, "actual_dividends": 0.29, "data_available_months": 13}, "600153.SH": {"cutoff_price": 10.91, "return_1m": -0.06691109074243817, "return_3m": -0.09074243813015584, "return_6m": -0.13565536205316228, "return_12m": -0.19798350137488543, "max_drawdown_6m": 0.2076455256298871, "max_gain_6m": 0.05499541704857925, "volatility_6m": 0.01961094522983225, "actual_dividends": 0.7, "data_available_months": 13}, "600295.SH": {"cutoff_price": 8.97, "return_1m": 0.09030100334448146, "return_3m": 0.02118171683389069, "return_6m": 0.06577480490523967, "return_12m": 0.2006688963210701, "max_drawdown_6m": 0.122983870967742, "max_gain_6m": 0.10925306577480474, "volatility_6m": 0.012860435282759545, "actual_dividends": 0.8, "data_available_months": 13}, "002432.SZ": {"cutoff_price": 35.21, "return_1m": 0.007384265833569952, "return_3m": 0.05992615734166428, "return_6m": 0.059358136892928036, "return_12m": 0.12894064186310705, "max_drawdown_6m": 0.09857293868921786, "max_gain_6m": 0.09287134336836114, "volatility_6m": 0.01484228217343784, "actual_dividends": 0.3, "data_available_months": 13}, "601601.SH": {"cutoff_price": 25.98, "return_1m": 0.1778290993071594, "return_3m": 0.10046189376443415, "return_6m": -0.12509622786759045, "return_12m": 0.09661277906081593, "max_drawdown_6m": 0.2601307189542484, "max_gain_6m": 0.1778290993071594, "volatility_6m": 0.020648996314431185, "actual_dividends": 1.02, "data_available_months": 13}, "601211.SH": {"cutoff_price": 13.99, "return_1m": 0.12151536812008572, "return_3m": 0.03931379556826297, "return_6m": 0.0493209435310936, "return_12m": 0.0021443888491779386, "max_drawdown_6m": 0.11006289308176101, "max_gain_6m": 0.13652609006433167, "volatility_6m": 0.0108401924055983, "actual_dividends": 0.55, "data_available_months": 13}, "600938.SH": {"cutoff_price": 18.12, "return_1m": 0.042494481236203065, "return_3m": 0.16666666666666663, "return_6m": 0.1379690949227373, "return_12m": 0.791942604856512, "max_drawdown_6m": 0.1106906338694418, "max_gain_6m": 0.16666666666666663, "volatility_6m": 0.013464979790840086, "actual_dividends": 0.0, "data_available_months": 13}, "000932.SZ": {"cutoff_price": 4.77, "return_1m": 0.24318658280922437, "return_3m": 0.25366876310272557, "return_6m": 0.08805031446540898, "return_12m": -0.08385744234800828, "max_drawdown_6m": 0.2031250000000001, "max_gain_6m": 0.34171907756813436, "volatility_6m": 0.015102805842730374, "actual_dividends": 0.23, "data_available_months": 13}, "601668.SH": {"cutoff_price": 5.74, "return_1m": 0.04878048780487793, "return_3m": -0.03658536585365853, "return_6m": -0.17595818815331007, "return_12m": -0.04703832752613248, "max_drawdown_6m": 0.23567921440261871, "max_gain_6m": 0.06445993031358886, "volatility_6m": 0.012927809916878157, "actual_dividends": 0.27145, "data_available_months": 13}, "600585.SH": {"cutoff_price": 23.74, "return_1m": 0.09098567818028645, "return_3m": 0.09646166807076675, "return_6m": -0.06655433866891317, "return_12m": -0.02527379949452392, "max_drawdown_6m": 0.21239911958914168, "max_gain_6m": 0.148272957034541, "volatility_6m": 0.01468440558531087, "actual_dividends": 0.96, "data_available_months": 13}, "002030.SZ": {"cutoff_price": 9.97, "return_1m": 0.012036108324974846,