{"002146.SZ": {"cutoff_price": 4.35, "return_1m": 0.025287356321839156, "return_3m": 0.025287356321839156, "return_6m": -0.2942528735632184, "return_12m": -0.4873563218390804, "max_drawdown_6m": 0.41, "max_gain_6m": 0.14942528735632193, "volatility_6m": 0.03224507698021008, "actual_dividends": 0.0, "data_available_months": 12}, "601328.SH": {"cutoff_price": 4.61, "return_1m": 0.028199566160520582, "return_3m": 0.10845986984815617, "return_6m": 0.08242950108459866, "return_12m": 0.008676789587852502, "max_drawdown_6m": 0.0818363273453094, "max_gain_6m": 0.1236442516268979, "volatility_6m": 0.011519998254325824, "actual_dividends": 0.355, "data_available_months": 12}, "600376.SH": {"cutoff_price": 5.66, "return_1m": 0.03356890459363949, "return_3m": 0.16607773851590096, "return_6m": -0.1254416961130742, "return_12m": -0.01413427561837457, "max_drawdown_6m": 0.3621399176954732, "max_gain_6m": 0.2879858657243816, "volatility_6m": 0.028645590461542053, "actual_dividends": 0.1, "data_available_months": 12}, "601169.SH": {"cutoff_price": 4.44, "return_1m": 0.01126126126126122, "return_3m": 0.03153153153153146, "return_6m": 0.02252252252252244, "return_12m": -0.045045045045045085, "max_drawdown_6m": 0.08119658119658119, "max_gain_6m": 0.06756756756756752, "volatility_6m": 0.008845526998633483, "actual_dividends": 0.305, "data_available_months": 12}, "000761.SZ": {"cutoff_price": 4.2, "return_1m": -0.10000000000000009, "return_3m": 0.026190476190476052, "return_6m": -0.1452380952380953, "return_12m": -0.2952380952380953, "max_drawdown_6m": 0.2520833333333333, "max_gain_6m": 0.14285714285714277, "volatility_6m": 0.03003024398037771, "actual_dividends": 0.5999975, "data_available_months": 12}, "601988.SH": {"cutoff_price": 3.05, "return_1m": 0.013114754098360668, "return_3m": 0.07213114754098368, "return_6m": 0.06885245901639343, "return_12m": 0.019672131147541003, "max_drawdown_6m": 0.05312500000000012, "max_gain_6m": 0.0819672131147541, "volatility_6m": 0.006865019945880094, "actual_dividends": 0.221, "data_available_months": 12}, "600019.SH": {"cutoff_price": 7.16, "return_1m": -0.016759776536312863, "return_3m": -0.05726256983240225, "return_6m": -0.12988826815642454, "return_12m": -0.22625698324022347, "max_drawdown_6m": 0.23037323037323026, "max_gain_6m": 0.08519553072625691, "volatility_6m": 0.02133693356538651, "actual_dividends": 0.43, "data_available_months": 12}, "600325.SH": {"cutoff_price": 6.02, "return_1m": 0.05315614617940204, "return_3m": 0.20099667774086394, "return_6m": 0.2325581395348838, "return_12m": 0.5332225913621265, "max_drawdown_6m": 0.2203389830508474, "max_gain_6m": 0.372093023255814, "volatility_6m": 0.03187743913441348, "actual_dividends": 0.46, "data_available_months": 12}, "600390.SH": {"cutoff_price": 5.32, "return_1m": -0.043233082706767, "return_3m": -0.03571428571428579, "return_6m": -0.08082706766917304, "return_12m": -0.04511278195488726, "max_drawdown_6m": 0.21146953405017915, "max_gain_6m": 0.048872180451127775, "volatility_6m": 0.01854861855850489, "actual_dividends": 0.135, "data_available_months": 12}, "601000.SH": {"cutoff_price": 2.75, "return_1m": -0.010909090909090839, "return_3m": 0.08363636363636363, "return_6m": -0.05818181818181823, "return_12m": -0.025454545454545396, "max_drawdown_6m": 0.1968750000000001, "max_gain_6m": 0.1636363636363637, "volatility_6m": 0.0228862150562506, "actual_dividends": 0.2, "data_available_months": 12}, "002110.SZ": {"cutoff_price": 6.8, "return_1m": 0.01764705882352943, "return_3m": 0.05294117647058828, "return_6m": -0.10147058823529405, "return_12m": -0.3, "max_drawdown_6m": 0.23232323232323232, "max_gain_6m": 0.1647058823529412, "volatility_6m": 0.026067973487189294, "actual_dividends": 0.82, "data_available_months": 12}, "600028.SH": {"cutoff_price": 4.23, "return_1m": -0.009456264775413718, "return_3m": 0.021276595744680816, "return_6m": -0.030732860520094746, "return_12m": 0.01891252955082723, "max_drawdown_6m": 0.11555555555555556, "max_gain_6m": 0.0685579196217492, "volatility_6m": 0.014017700940798121, "actual_dividends": 0.47, "data_available_months": 12}, "601006.SH": {"cutoff_price": 6.4, "return_1m": 0.032812499999999994, "return_3m": 0.07343749999999996, "return_6m": 0.028124999999999956, "return_12m": 0.018749999999999878, "max_drawdown_6m": 0.11436541143654118, "max_gain_6m": 0.12031249999999993, "volatility_6m": 0.013059990341947351, "actual_dividends": 0.48, "data_available_months": 12}, "000825.SZ": {"cutoff_price": 7.04, "return_1m": -0.03551136363636364, "return_3m": -0.04829545454545452, "return_6m": -0.2272727272727272, "return_12m": -0.387784090909091, "max_drawdown_6m": 0.3070063694267515, "max_gain_6m": 0.11505681818181812, "volatility_6m": 0.02582113295175084, "actual_dividends": 0.0596176, "data_available_months": 12}, "000402.SZ": {"cutoff_price": 5.66, "return_1m": 0.003533568904593564, "return_3m": 0.08303886925795048, "return_6m": 0.04063604240282677, "return_12m": -0.047703180212014216, "max_drawdown_6m": 0.24000000000000002, "max_gain_6m": 0.2809187279151943, "volatility_6m": 0.028583610872155475, "actual_dividends": 0.03, "data_available_months": 12}, "600606.SH": {"cutoff_price": 4.34, "return_1m": 0.006912442396313422, "return_3m": 0.24193548387096772, "return_6m": -0.0806451612903225, "return_12m": -0.3087557603686636, "max_drawdown_6m": 0.36159169550173015, "max_gain_6m": 0.3317972350230416, "volatility_6m": 0.02929090780210521, "actual_dividends": 0.0, "data_available_months": 12}, "600177.SH": {"cutoff_price": 6.89, "return_1m": -0.03338171262699558, "return_3m": -0.015965166908563054, "return_6m": -0.03483309143686492, "return_12m": -0.08853410740203185, "max_drawdown_6m": 0.12483039348710989, "max_gain_6m": 0.06966618287373011, "volatility_6m": 0.018160872526865192, "actual_dividends": 0.5, "data_available_months": 12}, "600153.SH": {"cutoff_price": 9.07, "return_1m": 0.031973539140021955, "return_3m": 0.402425578831312, "return_6m": 0.42557883131201757, "return_12m": 0.5115766262403528, "max_drawdown_6m": 0.19286204529855872, "max_gain_6m": 0.6063947078280044, "volatility_6m": 0.03672678025363242, "actual_dividends": 0.6, "data_available_months": 12}, "600755.SH": {"cutoff_price": 7.21, "return_1m": -0.03883495145631071, "return_3m": 0.07350901525658811, "return_6m": 0.04022191400832178, "return_12m": -0.0013869625520110662, "max_drawdown_6m": 0.12899262899262906, "max_gain_6m": 0.14008321775312077, "volatility_6m": 0.023231073579848636, "actual_dividends": 0.5, "data_available_months": 12}, "600350.SH": {"cutoff_price": 5.16, "return_1m": 0.02906976744186036, "return_3m": 0.046511627906976785, "return_6m": 0.01744186046511625, "return_12m": 0.07558139534883715, "max_drawdown_6m": 0.13816925734024177, "max_gain_6m": 0.15697674418604643, "volatility_6m": 0.017233600317483264, "actual_dividends": 0.4, "data_available_months": 12}, "600064.SH": {"cutoff_price": 9.34, "return_1m": -0.02034261241970016, "return_3m": 0.09528907922912212, "return_6m": 0.1798715203426124, "return_12m": -0.2890792291220557, "max_drawdown_6m": 0.13173652694610782, "max_gain_6m": 0.20556745182012848, "volatility_6m": 0.02255466636283156, "actual_dividends": 0.6, "data_available_months": 12}, "002244.SZ": {"cutoff_price": 4.66, "return_1m": 0.26824034334763946, "return_3m": 0.47210300429184554, "return_6m": 0.7467811158798284, "return_12m": 0.9592274678111589, "max_drawdown_6m": 0.17335243553008609, "max_gain_6m": 0.8283261802575106, "volatility_6m": 0.040135757017480074, "actual_dividends": 0.226, "data_available_months": 12}, "601668.SH": {"cutoff_price": 5.0, "return_1m": 0.040000000000000036, "return_3m": 0.08800000000000008, "return_6m": 0.10600000000000005, "return_12m": 0.07400000000000002, "max_drawdown_6m": 0.15445859872611475, "max_gain_6m": 0.25600000000000006, "volatility_6m": 0.023111715701227, "actual_dividends": 0.25, "data_available_months": 12}, "600507.SH": {"cutoff_price": 7.8, "return_1m": -0.010256410256410265, "return_3m": 0.10512820512820506,