{"600016.SH": {"cutoff_price": 4.41, "return_1m": -0.0975056689342404, "return_3m": -0.11337868480725623, "return_6m": -0.1156462585034014, "return_12m": -0.16099773242630383, "max_drawdown_6m": 0.12244897959183675, "max_gain_6m": 0.0, "volatility_6m": 0.006838847432215591, "actual_dividends": 0.213, "data_available_months": 13}, "601288.SH": {"cutoff_price": 3.03, "return_1m": -0.03300330033003289, "return_3m": -0.02640264026402628, "return_6m": -0.029702970297029656, "return_12m": -0.006600660066006607, "max_drawdown_6m": 0.04918032786885243, "max_gain_6m": 0.006600660066006607, "volatility_6m": 0.004889672895037519, "actual_dividends": 0.2068, "data_available_months": 13}, "002146.SZ": {"cutoff_price": 5.64, "return_1m": -0.1932624113475177, "return_3m": -0.13297872340425532, "return_6m": -0.2234042553191489, "return_12m": -0.46453900709219853, "max_drawdown_6m": 0.2956521739130435, "max_gain_6m": 0.01950354609929084, "volatility_6m": 0.020453785202599176, "actual_dividends": 0.0, "data_available_months": 13}, "601988.SH": {"cutoff_price": 3.08, "return_1m": -0.029220779220779175, "return_3m": -0.006493506493506499, "return_6m": -0.006493506493506499, "return_12m": 0.05519480519480517, "max_drawdown_6m": 0.03559870550161808, "max_gain_6m": 0.006493506493506499, "volatility_6m": 0.004404258093553888, "actual_dividends": 0.221, "data_available_months": 13}, "600376.SH": {"cutoff_price": 5.6, "return_1m": -0.15, "return_3m": -0.051785714285714296, "return_6m": -0.010714285714285645, "return_12m": -0.13749999999999993, "max_drawdown_6m": 0.19652173913043477, "max_gain_6m": 0.03571428571428575, "volatility_6m": 0.023595188576053003, "actual_dividends": 0.1, "data_available_months": 13}, "600170.SH": {"cutoff_price": 2.76, "return_1m": -0.032608695652173864, "return_3m": 0.43115942028985527, "return_6m": 0.2971014492753625, "return_12m": 0.09420289855072472, "max_drawdown_6m": 0.26428571428571435, "max_gain_6m": 0.5217391304347828, "volatility_6m": 0.029791169337781004, "actual_dividends": 0.145, "data_available_months": 13}, "600606.SH": {"cutoff_price": 5.45, "return_1m": -0.2073394495412844, "return_3m": -0.14495412844036698, "return_6m": -0.2018348623853212, "return_12m": -0.3064220183486239, "max_drawdown_6m": 0.2695810564663024, "max_gain_6m": 0.00733944954128441, "volatility_6m": 0.018974375076866976, "actual_dividends": 0.0, "data_available_months": 13}, "600064.SH": {"cutoff_price": 9.29, "return_1m": -0.13347685683530663, "return_3m": -0.023681377825618823, "return_6m": 0.007534983853606059, "return_12m": 0.1733046286329388, "max_drawdown_6m": 0.13533834586466162, "max_gain_6m": 0.032292787944025916, "volatility_6m": 0.01339944909948651, "actual_dividends": 0.6, "data_available_months": 13}, "000778.SZ": {"cutoff_price": 3.72, "return_1m": 0.08870967741935473, "return_3m": 0.14516129032258052, "return_6m": 0.10215053763440844, "return_12m": 0.2930107526881719, "max_drawdown_6m": 0.25661914460285135, "max_gain_6m": 0.31989247311827956, "volatility_6m": 0.017558205412519796, "actual_dividends": 0.15, "data_available_months": 13}, "600548.SH": {"cutoff_price": 8.72, "return_1m": -0.03096330275229373, "return_3m": 0.3623853211009174, "return_6m": 0.11811926605504579, "return_12m": 0.08142201834862374, "max_drawdown_6m": 0.21452420701168615, "max_gain_6m": 0.37385321100917424, "volatility_6m": 0.02829833314301483, "actual_dividends": 0.62, "data_available_months": 13}, "601000.SH": {"cutoff_price": 2.41, "return_1m": 0.008298755186721999, "return_3m": 0.1784232365145227, "return_6m": 0.1452282157676347, "return_12m": 0.0829875518672198, "max_drawdown_6m": 0.16326530612244897, "max_gain_6m": 0.2199170124481327, "volatility_6m": 0.019338192528774764, "actual_dividends": 0.2, "data_available_months": 13}, "600153.SH": {"cutoff_price": 8.1, "return_1m": -0.1271604938271604, "return_3m": 0.06296296296296294, "return_6m": 0.10000000000000006, "return_12m": 0.4518518518518519, "max_drawdown_6m": 0.1731601731601732, "max_gain_6m": 0.1407407407407408, "volatility_6m": 0.018578816609237065, "actual_dividends": 0.6, "data_available_months": 13}, "600383.SH": {"cutoff_price": 10.24, "return_1m": -0.18261718750000008, "return_3m": 0.12109375000000001, "return_6m": 0.19238281250000006, "return_12m": 0.20898437500000006, "max_drawdown_6m": 0.23437500000000006, "max_gain_6m": 0.2109375, "volatility_6m": 0.037528255076254284, "actual_dividends": 0.63, "data_available_months": 13}, "002110.SZ": {"cutoff_price": 6.74, "return_1m": 0.3189910979228487, "return_3m": 0.3412462908011868, "return_6m": 0.0044510385756675605, "return_12m": -0.08605341246290801, "max_drawdown_6m": 0.4462738301559792, "max_gain_6m": 0.7121661721068248, "volatility_6m": 0.029653623522329964, "actual_dividends": 0.82, "data_available_months": 13}, "600177.SH": {"cutoff_price": 6.59, "return_1m": -0.0349013657056145, "return_3m": -0.021244309559939254, "return_6m": 0.025796661608497713, "return_12m": -0.009104704097116785, "max_drawdown_6m": 0.07929515418502203, "max_gain_6m": 0.04097116843702587, "volatility_6m": 0.008664299378608405, "actual_dividends": 0.5, "data_available_months": 13}, "601006.SH": {"cutoff_price": 6.58, "return_1m": -0.10638297872340428, "return_3m": -0.045592705167173224, "return_6m": -0.034954407294832894, "return_12m": -0.0030395136778116204, "max_drawdown_6m": 0.1191553544494721, "max_gain_6m": 0.007598784194528849, "volatility_6m": 0.0107785521381651, "actual_dividends": 0.48, "data_available_months": 13}, "600282.SH": {"cutoff_price": 3.56, "return_1m": 0.05337078651685392, "return_3m": 0.15449438202247198, "return_6m": 0.011235955056179785, "return_12m": -0.10955056179775284, "max_drawdown_6m": 0.34883720930232565, "max_gain_6m": 0.44943820224719105, "volatility_6m": 0.024279577818551168, "actual_dividends": 0.3, "data_available_months": 13}, "002244.SZ": {"cutoff_price": 4.19, "return_1m": -0.06921241050119342, "return_3m": 0.0906921241050119, "return_6m": 0.0906921241050119, "return_12m": 0.8138424821002385, "max_drawdown_6m": 0.21212121212121215, "max_gain_6m": 0.1813842482100238, "volatility_6m": 0.020532408661009607, "actual_dividends": 0.226, "data_available_months": 13}, "000090.SZ": {"cutoff_price": 5.53, "return_1m": -0.1066907775768535, "return_3m": -0.0018083182640145886, "return_6m": -0.014466546112115744, "return_12m": 0.20976491862567814, "max_drawdown_6m": 0.16188870151770657, "max_gain_6m": 0.07233273056057857, "volatility_6m": 0.01573622293584343, "actual_dividends": 0.33, "data_available_months": 13}, "600266.SH": {"cutoff_price": 4.74, "return_1m": -0.11814345991561191, "return_3m": -0.0021097046413501657, "return_6m": -0.05485232067510544, "return_12m": -0.14556962025316464, "max_drawdown_6m": 0.17485265225933197, "max_gain_6m": 0.0738396624472573, "volatility_6m": 0.01614946377896654, "actual_dividends": 0.1, "data_available_months": 13}, "600782.SH": {"cutoff_price": 5.58, "return_1m": 0.4068100358422938, "return_3m": 0.3530465949820788, "return_6m": -0.04659498207885301, "return_12m": -0.0806451612903226, "max_drawdown_6m": 0.5057581573896353, "max_gain_6m": 0.8673835125448028, "volatility_6m": 0.03770618269967794, "actual_dividends": 0.5, "data_available_months": 13}, "002233.SZ": {"cutoff_price": 10.28, "return_1m": -0.08754863813229559, "return_3m": 0.11673151750972774, "return_6m": 0.02237354085603117, "return_12m": -0.13521400778210105, "max_drawdown_6m": 0.32118294360385147, "max_gain_6m": 0.4143968871595331, "volatility_6m": 0.025312454833120265, "actual_dividends": 0.62, "data_available_months": 13}, "601668.SH": {"cutoff_price": 4.65, "return_1m": -0.04086021505376352, "return_3m": 0.04731182795698919, "return_6m": 0.07741935483870956, "return_12m": 0.1677419354838708, "max_drawdown_6m": 0.14579439252336437, "max_gain_6m": 0.150537634408602, "volatility_6m": 0.014446518749638674, "actual_dividends": 0.25, "data_available_months": 13}, "600023.SH": {"cutoff_price": 3.67, "return_1m": -0.10899182561307899,