{"601818.SH": {"cutoff_price": 3.01, "return_1m": -0.03654485049833883, "return_3m": -0.059800664451827155, "return_6m": 0.01661129568106321, "return_12m": 0.009966777408637956, "max_drawdown_6m": 0.09634551495016598, "max_gain_6m": 0.0598006644518273, "volatility_6m": 0.009048570400806555, "actual_dividends": 0.19, "data_available_months": 13}, "600015.SH": {"cutoff_price": 5.21, "return_1m": -0.017274472168905923, "return_3m": -0.024952015355086354, "return_6m": -0.005758157389635365, "return_12m": 0.032629558541266784, "max_drawdown_6m": 0.08587786259541988, "max_gain_6m": 0.032629558541266784, "volatility_6m": 0.008695972974029874, "actual_dividends": 0.383, "data_available_months": 13}, "600782.SH": {"cutoff_price": 5.04, "return_1m": -0.10912698412698409, "return_3m": -0.22619047619047622, "return_6m": -0.17658730158730152, "return_12m": -0.24801587301587302, "max_drawdown_6m": 0.29862475442043224, "max_gain_6m": 0.009920634920634885, "volatility_6m": 0.015592819718768778, "actual_dividends": 0.1, "data_available_months": 13}, "601825.SH": {"cutoff_price": 6.27, "return_1m": -0.0015948963317384032, "return_3m": -0.14354066985645925, "return_6m": -0.07974481658692185, "return_12m": -0.0765550239234449, "max_drawdown_6m": 0.16798732171156888, "max_gain_6m": 0.006379585326953754, "volatility_6m": 0.009439035153353358, "actual_dividends": 0.342, "data_available_months": 13}, "002110.SZ": {"cutoff_price": 6.09, "return_1m": -0.09031198686371097, "return_3m": -0.18883415435139564, "return_6m": -0.21018062397372747, "return_12m": -0.31527093596059114, "max_drawdown_6m": 0.31766612641815234, "max_gain_6m": 0.013136288998357976, "volatility_6m": 0.015042863541084079, "actual_dividends": 0.05, "data_available_months": 13}, "600028.SH": {"cutoff_price": 4.08, "return_1m": 0.007352941176470649, "return_3m": 0.04166666666666665, "return_6m": 0.07107843137254903, "return_12m": 0.5220588235294117, "max_drawdown_6m": 0.08948545861297527, "max_gain_6m": 0.13970588235294124, "volatility_6m": 0.01155661515232133, "actual_dividends": 0.33999999999999997, "data_available_months": 13}, "600019.SH": {"cutoff_price": 6.02, "return_1m": -0.058139534883720874, "return_3m": -0.12956810631229226, "return_6m": -0.06976744186046512, "return_12m": -0.0813953488372092, "max_drawdown_6m": 0.2425196850393701, "max_gain_6m": 0.054817275747508325, "volatility_6m": 0.016454746544176536, "actual_dividends": 0.21000000000000002, "data_available_months": 13}, "000825.SZ": {"cutoff_price": 5.45, "return_1m": -0.09357798165137611, "return_3m": -0.1669724770642202, "return_6m": -0.19633027522935784, "return_12m": -0.28623853211009176, "max_drawdown_6m": 0.2872531418312388, "max_gain_6m": 0.02201834862385323, "volatility_6m": 0.017875480274355, "actual_dividends": 0.025, "data_available_months": 13}, "600755.SH": {"cutoff_price": 7.5, "return_1m": -0.07600000000000004, "return_3m": -0.14533333333333331, "return_6m": -0.025333333333333385, "return_12m": 0.13466666666666663, "max_drawdown_6m": 0.16933333333333328, "max_gain_6m": 0.08533333333333341, "volatility_6m": 0.014621652781955482, "actual_dividends": 0.65, "data_available_months": 13}, "600325.SH": {"cutoff_price": 7.57, "return_1m": 0.026420079260237685, "return_3m": 0.32628797886393646, "return_6m": 0.20475561426684266, "return_12m": 0.30779392338177014, "max_drawdown_6m": 0.22313296903460847, "max_gain_6m": 0.499339498018494, "volatility_6m": 0.032998287490387516, "actual_dividends": 0.37, "data_available_months": 13}, "601155.SH": {"cutoff_price": 25.43, "return_1m": -0.17695635076681085, "return_3m": -0.3020055053086905, "return_6m": -0.18560755013763267, "return_12m": -0.45694062131340935, "max_drawdown_6m": 0.4694288012872084, "max_gain_6m": -0.022414471097129386, "volatility_6m": 0.03734985317339295, "actual_dividends": 0.0, "data_available_months": 13}, "600177.SH": {"cutoff_price": 6.63, "return_1m": -0.01659125188536958, "return_3m": -0.039215686274509776, "return_6m": -0.04374057315233786, "return_12m": -0.04675716440422317, "max_drawdown_6m": 0.1270072992700729, "max_gain_6m": 0.03318250377073903, "volatility_6m": 0.009167082678694516, "actual_dividends": 0.5, "data_available_months": 13}, "601000.SH": {"cutoff_price": 2.58, "return_1m": 0.01162790697674411, "return_3m": 0.01937984496124024, "return_6m": 0.058139534883720895, "return_12m": 0.33333333333333326, "max_drawdown_6m": 0.1245901639344262, "max_gain_6m": 0.18217054263565882, "volatility_6m": 0.015277681403971231, "actual_dividends": 0.2, "data_available_months": 13}, "600350.SH": {"cutoff_price": 5.25, "return_1m": -0.0019047619047618642, "return_3m": 0.030476190476190504, "return_6m": 0.0704761904761905, "return_12m": 0.18095238095238098, "max_drawdown_6m": 0.10157618213660247, "max_gain_6m": 0.12571428571428575, "volatility_6m": 0.013571151456586281, "actual_dividends": 0.4, "data_available_months": 13}, "600373.SH": {"cutoff_price": 9.99, "return_1m": -0.06806806806806803, "return_3m": -0.14614614614614624, "return_6m": -0.055055055055055126, "return_12m": 0.3963963963963963, "max_drawdown_6m": 0.17421953675730115, "max_gain_6m": -0.006006006006006055, "volatility_6m": 0.013804523618243863, "actual_dividends": 0.75, "data_available_months": 13}, "601006.SH": {"cutoff_price": 6.59, "return_1m": -0.0819423368740516, "return_3m": 0.02124430955993939, "return_6m": -0.001517450682852775, "return_12m": 0.11684370257966624, "max_drawdown_6m": 0.1062874251497006, "max_gain_6m": 0.06221547799696512, "volatility_6m": 0.012948861968698325, "actual_dividends": 0.48, "data_available_months": 13}, "000581.SZ": {"cutoff_price": 19.25, "return_1m": 0.013506493506493588, "return_3m": -0.08831168831168827, "return_6m": -0.0753246753246753, "return_12m": -0.19376623376623378, "max_drawdown_6m": 0.13032454361054768, "max_gain_6m": 0.024415584415584356, "volatility_6m": 0.009908542949028081, "actual_dividends": 0.1, "data_available_months": 13}, "002233.SZ": {"cutoff_price": 8.85, "return_1m": -0.06779661016949148, "return_3m": -0.13898305084745757, "return_6m": -0.18079096045197737, "return_12m": -0.1615819209039548, "max_drawdown_6m": 0.2390078917700112, "max_gain_6m": 0.0022598870056496695, "volatility_6m": 0.014522674977965094, "actual_dividends": 0.12, "data_available_months": 13}, "600585.SH": {"cutoff_price": 35.28, "return_1m": -0.07879818594104311, "return_3m": -0.19784580498866214, "return_6m": -0.2020975056689343, "return_12m": -0.3194444444444444, "max_drawdown_6m": 0.32555555555555554, "max_gain_6m": 0.02040816326530609, "volatility_6m": 0.020603841118787183, "actual_dividends": 1.48, "data_available_months": 13}, "601668.SH": {"cutoff_price": 5.32, "return_1m": -0.05263157894736847, "return_3m": -0.04135338345864673, "return_6m": 0.016917293233082678, "return_12m": 0.10338345864661651, "max_drawdown_6m": 0.14901256732495513, "max_gain_6m": 0.14849624060150377, "volatility_6m": 0.018606071464590954, "actual_dividends": 0.2527, "data_available_months": 13}, "600390.SH": {"cutoff_price": 4.89, "return_1m": -0.012269938650306669, "return_3m": -0.0715746421267893, "return_6m": 0.055214723926380466, "return_12m": 0.10429447852760751, "max_drawdown_6m": 0.12864493996569468, "max_gain_6m": 0.19222903885480583, "volatility_6m": 0.01779105556776323, "actual_dividends": 0.096, "data_available_months": 13}, "600997.SH": {"cutoff_price": 7.62, "return_1m": -0.07086614173228346, "return_3m": -0.017060367454068227, "return_6m": -0.10236220472440948, "return_12m": -0.23097112860892385, "max_drawdown_6m": 0.20310633213859014, "max_gain_6m": 0.09842519685039358, "volatility_6m": 0.02097445295876389, "actual_dividends": 0.58, "data_available_months": 13}, "000402.SZ": {"cutoff_price": 5.95, "return_1m": -0.036974789915966345, "return_3m": -0.14117647058823526, "return_6m": -0.0907563025210084, "return_12m": -0.24201680672268913, "max_drawdown_6m": 0.2231543624161074, "max_gain_6m": 0.04033613445378155, "volatility_6m": 0.01944939974257204, "actual_dividends": 0.015,