{"600016.SH": {"cutoff_price": 5.2, "return_1m": -0.01730769230769228, "return_3m": -0.028846153846153914, "return_6m": -0.15192307692307694, "return_12m": -0.2519230769230769, "max_drawdown_6m": 0.16635160680529298, "max_gain_6m": 0.01730769230769228, "volatility_6m": 0.008738578416599207, "actual_dividends": 0.213, "data_available_months": 13}, "601328.SH": {"cutoff_price": 4.48, "return_1m": -0.004464285714285817, "return_3m": 0.10491071428571422, "return_6m": 0.08928571428571416, "return_12m": 0.015624999999999863, "max_drawdown_6m": 0.030434782608695584, "max_gain_6m": 0.10491071428571422, "volatility_6m": 0.007460986220171367, "actual_dividends": 0.317, "data_available_months": 13}, "002146.SZ": {"cutoff_price": 6.53, "return_1m": -0.03828483920367534, "return_3m": -0.012251148545176121, "return_6m": -0.1362940275650843, "return_12m": -0.3353751914241961, "max_drawdown_6m": 0.18965517241379315, "max_gain_6m": 0.06584992343032155, "volatility_6m": 0.018759632835755317, "actual_dividends": 0.35, "data_available_months": 13}, "601169.SH": {"cutoff_price": 4.84, "return_1m": -0.02272727272727261, "return_3m": -0.008264462809917363, "return_6m": 0.012396694214876136, "return_12m": -0.08677685950413222, "max_drawdown_6m": 0.04268292682926829, "max_gain_6m": 0.024793388429752088, "volatility_6m": 0.006162485949065059, "actual_dividends": 0.3, "data_available_months": 13}, "600340.SH": {"cutoff_price": 12.93, "return_1m": -0.26914153132250584, "return_3m": -0.51430781129157, "return_6m": -0.5877803557617942, "return_12m": -0.7192575406032483, "max_drawdown_6m": 0.6108918705603789, "max_gain_6m": -0.020108275328692946, "volatility_6m": 0.03665336284526864, "actual_dividends": 0.0, "data_available_months": 13}, "600606.SH": {"cutoff_price": 5.83, "return_1m": -0.07547169811320761, "return_3m": -0.041166380789022336, "return_6m": -0.06689536878216118, "return_12m": -0.2641509433962264, "max_drawdown_6m": 0.16260162601626016, "max_gain_6m": 0.054888507718696446, "volatility_6m": 0.018269069766759738, "actual_dividends": 0.25, "data_available_months": 13}, "600153.SH": {"cutoff_price": 8.21, "return_1m": -0.058465286236297244, "return_3m": 0.025578562728379908, "return_6m": -0.014616321559074419, "return_12m": 0.07308160779537144, "max_drawdown_6m": 0.0823798627002289, "max_gain_6m": 0.06455542021924474, "volatility_6m": 0.011041063023265008, "actual_dividends": 0.5, "data_available_months": 13}, "600376.SH": {"cutoff_price": 5.87, "return_1m": -0.030664395229982915, "return_3m": -0.011925042589437867, "return_6m": -0.04429301533219758, "return_12m": -0.052810902896081854, "max_drawdown_6m": 0.13629160063391435, "max_gain_6m": 0.0749574105621805, "volatility_6m": 0.013894029591764044, "actual_dividends": 0.4, "data_available_months": 13}, "601003.SH": {"cutoff_price": 5.19, "return_1m": 0.07129094412331391, "return_3m": 0.24470134874759142, "return_6m": 0.12331406551059723, "return_12m": 0.015414258188824505, "max_drawdown_6m": 0.29166666666666663, "max_gain_6m": 0.5722543352601155, "volatility_6m": 0.029424310316898274, "actual_dividends": 0.25, "data_available_months": 13}, "600325.SH": {"cutoff_price": 6.21, "return_1m": 0.025764895330112746, "return_3m": -0.009661835748792208, "return_6m": 0.08856682769726246, "return_12m": -0.05152979066022549, "max_drawdown_6m": 0.08835904628330994, "max_gain_6m": 0.14814814814814814, "volatility_6m": 0.01667050278057125, "actual_dividends": 0.45, "data_available_months": 13}, "601006.SH": {"cutoff_price": 6.46, "return_1m": -0.01393188854489162, "return_3m": 0.08513931888544889, "return_6m": 0.01238390092879258, "return_12m": -0.020123839009287908, "max_drawdown_6m": 0.08885754583921014, "max_gain_6m": 0.09752321981424147, "volatility_6m": 0.008084494484028147, "actual_dividends": 0.48, "data_available_months": 13}, "000402.SZ": {"cutoff_price": 6.45, "return_1m": -0.06356589147286824, "return_3m": 0.05891472868217053, "return_6m": 0.05271317829457362, "return_12m": -0.12403100775193796, "max_drawdown_6m": 0.1689008042895442, "max_gain_6m": 0.1953488372093023, "volatility_6m": 0.02287698255587381, "actual_dividends": 0.3, "data_available_months": 13}, "600282.SH": {"cutoff_price": 3.12, "return_1m": -0.025641025641025664, "return_3m": 0.24038461538461536, "return_6m": 0.12820512820512817, "return_12m": 0.1762820512820512, "max_drawdown_6m": 0.26170212765957446, "max_gain_6m": 0.5064102564102564, "volatility_6m": 0.02762331039543063, "actual_dividends": 0.25, "data_available_months": 13}, "600188.SH": {"cutoff_price": 10.07, "return_1m": -0.13704071499503484, "return_3m": 0.3138033763654419, "return_6m": 0.46772591857000984, "return_12m": 1.5719960278053622, "max_drawdown_6m": 0.18465539661898578, "max_gain_6m": 0.5948361469712015, "volatility_6m": 0.03676628520144352, "actual_dividends": 1.0, "data_available_months": 13}, "600782.SH": {"cutoff_price": 4.59, "return_1m": -0.1154684095860567, "return_3m": 0.2505446623093683, "return_6m": 0.2069716775599129, "return_12m": 0.1830065359477124, "max_drawdown_6m": 0.23586206896551723, "max_gain_6m": 0.579520697167756, "volatility_6m": 0.03300752138739406, "actual_dividends": 0.3, "data_available_months": 13}, "000537.SZ": {"cutoff_price": 6.27, "return_1m": -0.11642743221690584, "return_3m": -0.08293460925039867, "return_6m": -0.16586921850079733, "return_12m": 3.1977671451355665, "max_drawdown_6m": 0.14542483660130714, "max_gain_6m": -0.02392344497607647, "volatility_6m": 0.013370978430995844, "actual_dividends": 0.25, "data_available_months": 13}, "000718.SZ": {"cutoff_price": 3.43, "return_1m": 0.13119533527696783, "return_3m": 0.1603498542274052, "return_6m": 1.3644314868804663, "return_12m": 0.42565597667638466, "max_drawdown_6m": 0.33543733092876465, "max_gain_6m": 2.2332361516034984, "volatility_6m": 0.0509038343280694, "actual_dividends": 0.0, "data_available_months": 13}, "601088.SH": {"cutoff_price": 18.01, "return_1m": -0.03387007218212121, "return_3m": 0.11604664075513602, "return_6m": 0.07995558023320365, "return_12m": 0.24708495280399773, "max_drawdown_6m": 0.13583509513742073, "max_gain_6m": 0.1643531371460298, "volatility_6m": 0.019504937023344885, "actual_dividends": 1.81, "data_available_months": 13}, "600023.SH": {"cutoff_price": 3.63, "return_1m": -0.03581267217630851, "return_3m": 0.09366391184573011, "return_6m": 0.0, "return_12m": 0.12396694214876039, "max_drawdown_6m": 0.09823677581863982, "max_gain_6m": 0.09366391184573011, "volatility_6m": 0.011057671252422423, "actual_dividends": 0.225, "data_available_months": 13}, "600704.SH": {"cutoff_price": 4.37, "return_1m": -0.02288329519450813, "return_3m": 0.11212814645308929, "return_6m": 0.9450800915331807, "return_12m": 0.37528604118993125, "max_drawdown_6m": 0.2703862660944206, "max_gain_6m": 1.665903890160183, "volatility_6m": 0.038223927621947, "actual_dividends": 0.2, "data_available_months": 13}, "000090.SZ": {"cutoff_price": 5.94, "return_1m": -0.07407407407407414, "return_3m": 0.07744107744107744, "return_6m": -0.062289562289562304, "return_12m": -0.07912457912457922, "max_drawdown_6m": 0.156441717791411, "max_gain_6m": 0.0976430976430975, "volatility_6m": 0.01825189725596178, "actual_dividends": 0.38, "data_available_months": 13}, "600027.SH": {"cutoff_price": 3.4, "return_1m": -0.05294117647058815, "return_3m": 0.08823529411764713, "return_6m": 0.01764705882352943, "return_12m": 0.5235294117647058, "max_drawdown_6m": 0.10089020771513361, "max_gain_6m": 0.08823529411764713, "volatility_6m": 0.014342512142649567, "actual_dividends": 0.25, "data_available_months": 13}, "600507.SH": {"cutoff_price": 6.94, "return_1m": -0.08501440922190212, "return_3m": 0.28818443804034566, "return_6m": -0.023054755043227685, "return_12m": 0.1152737752161383, "max_drawdown_6m": 0.2981366459627329, "max_gain_6m": 0.39193083573487025, "volatility_6m": 0.03402427632549635, "actual_dividends": 1.1, "data_available_months": 13}, "601668.SH": {"cutoff_price": 4.97, "return_1m": -0.032193158953722364,