{"600782.SH": {"cutoff_price": 4.09, "return_1m": 0.04400977995110018, "return_3m": 0.02689486552567245, "return_6m": -0.10268948655256722, "return_12m": -0.16136919315403417, "max_drawdown_6m": 0.21748400852878472, "max_gain_6m": 0.14669926650366763, "volatility_6m": 0.0135683535789838, "actual_dividends": 0.1, "data_available_months": 13}, "601328.SH": {"cutoff_price": 4.74, "return_1m": 0.029535864978902884, "return_3m": 0.07805907172995782, "return_6m": 0.20886075949367092, "return_12m": 0.21940928270042193, "max_drawdown_6m": 0.11392405063291149, "max_gain_6m": 0.3333333333333333, "volatility_6m": 0.01303665674466605, "actual_dividends": 0.373, "data_available_months": 13}, "601077.SH": {"cutoff_price": 3.53, "return_1m": 0.016997167138810214, "return_3m": 0.03966005665722383, "return_6m": 0.005665722379603405, "return_12m": 0.16430594900849874, "max_drawdown_6m": 0.17824074074074084, "max_gain_6m": 0.22379603399433443, "volatility_6m": 0.013091844105147677, "actual_dividends": 0.2714, "data_available_months": 13}, "601288.SH": {"cutoff_price": 2.91, "return_1m": 0.0034364261168384146, "return_3m": 0.06872852233676967, "return_6m": 0.19931271477663232, "return_12m": 0.261168384879725, "max_drawdown_6m": 0.12339331619537275, "max_gain_6m": 0.3367697594501718, "volatility_6m": 0.014386157165353238, "actual_dividends": 0.2222, "data_available_months": 13}, "601155.SH": {"cutoff_price": 20.5, "return_1m": 0.012195121951219513, "return_3m": -0.2029268292682927, "return_6m": -0.2965853658536585, "return_12m": -0.4658536585365854, "max_drawdown_6m": 0.403734993330369, "max_gain_6m": 0.09707317073170724, "volatility_6m": 0.024520198568274216, "actual_dividends": 0.0, "data_available_months": 13}, "600177.SH": {"cutoff_price": 6.33, "return_1m": 0.023696682464455034, "return_3m": 0.030015797788309557, "return_6m": -0.011058451816745701, "return_12m": 0.026856240126382293, "max_drawdown_6m": 0.1109530583214794, "max_gain_6m": 0.11058451816745658, "volatility_6m": 0.009858898674803778, "actual_dividends": 0.5, "data_available_months": 13}, "600585.SH": {"cutoff_price": 27.38, "return_1m": 0.06391526661796933, "return_3m": 0.031775018261504785, "return_6m": -0.13513513513513511, "return_12m": -0.19649379108838566, "max_drawdown_6m": 0.26165884194053207, "max_gain_6m": 0.1669101533966399, "volatility_6m": 0.015506097390492222, "actual_dividends": 1.48, "data_available_months": 13}, "600028.SH": {"cutoff_price": 4.36, "return_1m": 0.03669724770642185, "return_3m": 0.2889908256880733, "return_6m": 0.4449541284403668, "return_12m": 0.2385321100917431, "max_drawdown_6m": 0.11901306240928874, "max_gain_6m": 0.580275229357798, "volatility_6m": 0.018220668127358473, "actual_dividends": 0.33999999999999997, "data_available_months": 13}, "601919.SH": {"cutoff_price": 10.29, "return_1m": 0.012633624878522915, "return_3m": 0.07191448007774541, "return_6m": -0.09232264334305144, "return_12m": -0.05247813411078709, "max_drawdown_6m": 0.1975945017182131, "max_gain_6m": 0.13119533527696808, "volatility_6m": 0.01828572545062682, "actual_dividends": 1.9, "data_available_months": 13}, "600282.SH": {"cutoff_price": 3.15, "return_1m": 0.09523809523809533, "return_3m": 0.234920634920635, "return_6m": 0.06349206349206354, "return_12m": 0.17142857142857146, "max_drawdown_6m": 0.17733990147783246, "max_gain_6m": 0.2888888888888888, "volatility_6m": 0.015128212971940167, "actual_dividends": 0.25, "data_available_months": 13}, "000401.SZ": {"cutoff_price": 8.23, "return_1m": 0.04860267314702313, "return_3m": 0.054678007290400885, "return_6m": -0.11300121506682874, "return_12m": -0.23450789793438645, "max_drawdown_6m": 0.21086956521739125, "max_gain_6m": 0.11786148238153084, "volatility_6m": 0.015887712048938886, "actual_dividends": 0.15, "data_available_months": 13}, "600755.SH": {"cutoff_price": 7.14, "return_1m": 0.06862745098039219, "return_3m": 0.20728291316526606, "return_6m": 0.08683473389355745, "return_12m": -0.044817927170868264, "max_drawdown_6m": 0.19250780437044743, "max_gain_6m": 0.34593837535014005, "volatility_6m": 0.019706833167454654, "actual_dividends": 0.65, "data_available_months": 13}, "600997.SH": {"cutoff_price": 6.78, "return_1m": 0.04277286135693216, "return_3m": 0.029498525073746337, "return_6m": -0.12684365781710918, "return_12m": 0.14454277286135686, "max_drawdown_6m": 0.2257636122177955, "max_gain_6m": 0.11061946902654866, "volatility_6m": 0.012035121504028119, "actual_dividends": 0.58, "data_available_months": 13}, "600064.SH": {"cutoff_price": 6.61, "return_1m": 0.04084720121028738, "return_3m": 0.0030257186081693757, "return_6m": -0.012102874432677772, "return_12m": -0.10136157337367624, "max_drawdown_6m": 0.11401098901098902, "max_gain_6m": 0.10136157337367624, "volatility_6m": 0.010160012692333829, "actual_dividends": 0.42, "data_available_months": 13}, "000932.SZ": {"cutoff_price": 4.7, "return_1m": 0.05744680851063821, "return_3m": 0.18510638297872342, "return_6m": 0.046808510638297815, "return_12m": 0.09361702127659563, "max_drawdown_6m": 0.19898819561551429, "max_gain_6m": 0.26170212765957435, "volatility_6m": 0.014718345939552778, "actual_dividends": 0.24, "data_available_months": 13}, "000937.SZ": {"cutoff_price": 6.36, "return_1m": 0.05345911949685532, "return_3m": 0.07547169811320747, "return_6m": 0.15723270440251572, "return_12m": 0.12893081761006278, "max_drawdown_6m": 0.10554803788903916, "max_gain_6m": 0.24056603773584895, "volatility_6m": 0.015701668570676754, "actual_dividends": 1.0, "data_available_months": 13}, "601598.SH": {"cutoff_price": 3.84, "return_1m": 0.0390625000000001, "return_3m": 0.08333333333333341, "return_6m": 0.1901041666666668, "return_12m": 0.32291666666666674, "max_drawdown_6m": 0.2775041050903119, "max_gain_6m": 0.5859375, "volatility_6m": 0.024168652466746886, "actual_dividends": 0.245, "data_available_months": 13}, "601866.SH": {"cutoff_price": 2.42, "return_1m": 0.03305785123966945, "return_3m": 0.0206611570247935, "return_6m": 0.016528925619834725, "return_12m": -0.016528925619834725, "max_drawdown_6m": 0.09963099630996311, "max_gain_6m": 0.11983471074380167, "volatility_6m": 0.009906032390758183, "actual_dividends": 0.087, "data_available_months": 13}, "600383.SH": {"cutoff_price": 10.23, "return_1m": -0.05474095796676447, "return_3m": -0.17888563049853373, "return_6m": -0.2961876832844575, "return_12m": -0.5904203323558163, "max_drawdown_6m": 0.3352007469654529, "max_gain_6m": 0.04692082111436954, "volatility_6m": 0.019980214967067016, "actual_dividends": 0.136, "data_available_months": 13}, "601006.SH": {"cutoff_price": 6.68, "return_1m": -0.0014970059880239203, "return_3m": 0.07634730538922166, "return_6m": 0.11976047904191628, "return_12m": 0.08083832335329343, "max_drawdown_6m": 0.10408921933085499, "max_gain_6m": 0.20808383233532943, "volatility_6m": 0.010963289316126472, "actual_dividends": 0.48, "data_available_months": 13}, "601857.SH": {"cutoff_price": 4.97, "return_1m": 0.04828973843058355, "return_3m": 0.19114688128772642, "return_6m": 0.5030181086519115, "return_12m": 0.4064386317907446, "max_drawdown_6m": 0.1713286713286713, "max_gain_6m": 0.7263581488933603, "volatility_6m": 0.02198099461447564, "actual_dividends": 0.43, "data_available_months": 13}, "600623.SH": {"cutoff_price": 6.32, "return_1m": 0.047468354430379715, "return_3m": 0.0933544303797468, "return_6m": -0.022151898734177305, "return_12m": 0.015822784810126524, "max_drawdown_6m": 0.14772727272727273, "max_gain_6m": 0.11392405063291135, "volatility_6m": 0.009514467658881956, "actual_dividends": 0.19, "data_available_months": 13}, "600373.SH": {"cutoff_price": 9.57, "return_1m": -0.003134796238244633, "return_3m": 0.29571577847439917, "return_6m": 0.38975966562173464, "return_12m": 0.27272727272727265, "max_drawdown_6m": 0.337913486005089, "max_gain_6m": 1.0532915360501565, "volatility_6m": 0.03773113973572524, "actual_dividends": 0.75, "data_available_months": 13}, "000581.SZ": {"cutoff_price": 17.73,