{"600016.SH": {"cutoff_price": 4.75, "return_1m": 0.0378947368421052, "return_3m": -0.14736842105263162, "return_6m": -0.1873684210526316, "return_12m": -0.16631578947368422, "max_drawdown_6m": 0.3117117117117117, "max_gain_6m": 0.16842105263157892, "volatility_6m": 0.01349794509703393, "actual_dividends": 0.0, "data_available_months": 8}, "601818.SH": {"cutoff_price": 4.15, "return_1m": -0.01686746987951814, "return_3m": -0.17349397590361448, "return_6m": -0.15421686746987964, "return_12m": -0.19759036144578318, "max_drawdown_6m": 0.24774774774774785, "max_gain_6m": 0.06987951807228916, "volatility_6m": 0.011353717661596792, "actual_dividends": 0.105, "data_available_months": 8}, "601169.SH": {"cutoff_price": 6.83, "return_1m": -0.04685212298682288, "return_3m": -0.18008784773060035, "return_6m": -0.19619326500732062, "return_12m": -0.19619326500732062, "max_drawdown_6m": 0.24689655172413794, "max_gain_6m": 0.061493411420204966, "volatility_6m": 0.009849957679268148, "actual_dividends": 0.0, "data_available_months": 8}, "601919.SH": {"cutoff_price": 15.04, "return_1m": 0.06250000000000008, "return_3m": -0.04521276595744679, "return_6m": 0.013297872340425603, "return_12m": 0.049202127659574484, "max_drawdown_6m": 0.1326841144248326, "max_gain_6m": 0.0924202127659575, "volatility_6m": 0.011935542489914347, "actual_dividends": 0.0, "data_available_months": 8}, "600248.SH": {"cutoff_price": 3.81, "return_1m": 0.034120734908136455, "return_3m": 0.007874015748031444, "return_6m": -0.05774278215223102, "return_12m": -0.01837270341207345, "max_drawdown_6m": 0.14868105515587532, "max_gain_6m": 0.09448818897637792, "volatility_6m": 0.010638101498326587, "actual_dividends": 0.0, "data_available_months": 8}, "601668.SH": {"cutoff_price": 5.77, "return_1m": -0.0017331022530328922, "return_3m": -0.058925476603119566, "return_6m": -0.10051993067590974, "return_12m": -0.10745233968804146, "max_drawdown_6m": 0.1631321370309951, "max_gain_6m": 0.062391681109185505, "volatility_6m": 0.01028125168665351, "actual_dividends": 0.0, "data_available_months": 8}, "601800.SH": {"cutoff_price": 8.89, "return_1m": 0.05061867266591668, "return_3m": -0.026996625421822296, "return_6m": -0.059617547806524306, "return_12m": -0.04386951631046125, "max_drawdown_6m": 0.19941916747337857, "max_gain_6m": 0.16197975253093358, "volatility_6m": 0.014049981922807873, "actual_dividends": 0.2356, "data_available_months": 8}, "600985.SH": {"cutoff_price": 11.34, "return_1m": 0.1402116402116402, "return_3m": 0.09435626102292771, "return_6m": -0.007936507936507924, "return_12m": 0.2513227513227513, "max_drawdown_6m": 0.19061371841155225, "max_gain_6m": 0.22134038800705466, "volatility_6m": 0.019628128217557297, "actual_dividends": 0.0, "data_available_months": 8}, "600153.SH": {"cutoff_price": 10.37, "return_1m": 0.005785920925747396, "return_3m": -0.03085824493731905, "return_6m": -0.07521697203471547, "return_12m": -0.08871745419479267, "max_drawdown_6m": 0.20273738237810088, "max_gain_6m": 0.1272902603664417, "volatility_6m": 0.016220009498157915, "actual_dividends": 0.2, "data_available_months": 8}, "601898.SH": {"cutoff_price": 10.94, "return_1m": 0.11791590493601471, "return_3m": 0.04936014625228528, "return_6m": 0.14716636197440597, "return_12m": 0.720292504570384, "max_drawdown_6m": 0.17107001321003962, "max_gain_6m": 0.38391224862888496, "volatility_6m": 0.021194182588882532, "actual_dividends": 0.0, "data_available_months": 8}, "601666.SH": {"cutoff_price": 7.41, "return_1m": 0.12145748987854256, "return_3m": 0.10931174089068832, "return_6m": 0.07692307692307696, "return_12m": 0.2267206477732793, "max_drawdown_6m": 0.15452538631346582, "max_gain_6m": 0.22941970310391352, "volatility_6m": 0.021152698329253806, "actual_dividends": 0.0, "data_available_months": 8}, "000685.SZ": {"cutoff_price": 8.78, "return_1m": 0.08200455580865612, "return_3m": 0.32687927107061515, "return_6m": 0.2779043280182234, "return_12m": 0.33712984054669715, "max_drawdown_6m": 0.22191400832177527, "max_gain_6m": 0.6423690205011391, "volatility_6m": 0.02658368060845105, "actual_dividends": 0.0, "data_available_months": 8}, "600008.SH": {"cutoff_price": 3.02, "return_1m": 0.03973509933774838, "return_3m": 0.056291390728476796, "return_6m": 0.0033112582781456247, "return_12m": 0.0695364238410596, "max_drawdown_6m": 0.12389380530973448, "max_gain_6m": 0.12251655629139076, "volatility_6m": 0.00976722779098245, "actual_dividends": 0.04, "data_available_months": 8}, "600582.SH": {"cutoff_price": 5.99, "return_1m": 0.05342237061769606, "return_3m": -0.010016694490818113, "return_6m": -0.033388981636060126, "return_12m": 0.04674457429048403, "max_drawdown_6m": 0.12135176651305685, "max_gain_6m": 0.08681135225375619, "volatility_6m": 0.01029321258479682, "actual_dividends": 0.0, "data_available_months": 8}, "601598.SH": {"cutoff_price": 4.93, "return_1m": 0.10547667342799198, "return_3m": 0.4239350912778905, "return_6m": 0.25557809330628817, "return_12m": 0.22109533468559836, "max_drawdown_6m": 0.22820512820512825, "max_gain_6m": 0.5821501014198783, "volatility_6m": 0.020460887292120096, "actual_dividends": 0.0, "data_available_months": 8}, "600064.SH": {"cutoff_price": 7.71, "return_1m": 0.010376134889753577, "return_3m": 0.023346303501945487, "return_6m": 0.09468223086900124, "return_12m": 0.15304798962386518, "max_drawdown_6m": 0.11496746203904559, "max_gain_6m": 0.19584954604409865, "volatility_6m": 0.012967566199199653, "actual_dividends": 0.0, "data_available_months": 8}, "000651.SZ": {"cutoff_price": 44.92, "return_1m": 0.032279608192341845, "return_3m": -0.1128673196794301, "return_6m": -0.09260908281389144, "return_12m": -0.14069456812110417, "max_drawdown_6m": 0.17964693665628242, "max_gain_6m": 0.07190560997328577, "volatility_6m": 0.01221242389241204, "actual_dividends": 1.0, "data_available_months": 8}, "600704.SH": {"cutoff_price": 5.27, "return_1m": 0.053130929791271396, "return_3m": 0.08349146110056935, "return_6m": 0.0588235294117648, "return_12m": 0.06641366223908929, "max_drawdown_6m": 0.15615141955835965, "max_gain_6m": 0.20303605313092987, "volatility_6m": 0.017063224013886897, "actual_dividends": 0.1, "data_available_months": 8}, "002091.SZ": {"cutoff_price": 7.27, "return_1m": 0.027510316368638266, "return_3m": 0.21458046767537836, "return_6m": 0.2764786795048143, "return_12m": 0.3039889958734527, "max_drawdown_6m": 0.19624413145539904, "max_gain_6m": 0.4649243466299864, "volatility_6m": 0.02307259624441712, "actual_dividends": 0.0, "data_available_months": 8}, "600177.SH": {"cutoff_price": 7.3, "return_1m": 0.021917808219178103, "return_3m": 0.0191780821917809, "return_6m": 0.02876712328767123, "return_12m": 0.035616438356164355, "max_drawdown_6m": 0.05012853470437025, "max_gain_6m": 0.06575342465753431, "volatility_6m": 0.007101803490459689, "actual_dividends": 0.0, "data_available_months": 8}, "600219.SH": {"cutoff_price": 3.83, "return_1m": 0.06527415143603132, "return_3m": -0.010443864229765022, "return_6m": 0.38642297650130536, "return_12m": 0.9242819843342036, "max_drawdown_6m": 0.14018691588785048, "max_gain_6m": 0.39686684073107037, "volatility_6m": 0.02390462661982648, "actual_dividends": 0.0, "data_available_months": 8}, "000623.SZ": {"cutoff_price": 16.95, "return_1m": 0.1356932153392331, "return_3m": 0.1280235988200591, "return_6m": 0.1693215339233039, "return_12m": 0.10324483775811209, "max_drawdown_6m": 0.13336388634280477, "max_gain_6m": 0.28731563421828915, "volatility_6m": 0.016125378861879498, "actual_dividends": 0.0, "data_available_months": 8}, "603565.SH": {"cutoff_price": 9.55, "return_1m": 0.05340314136125652, "return_3m": 0.18115183246073283, "return_6m": 0.10052356020942398, "return_12m": 0.15078534031413607, "max_drawdown_6m": 0.12197231833910036, "max_gain_6m": 0.21047120418848164, "volatility_6m": 0.015233404092075256, "actual_dividends": 0.0, "data_available_months": 8}, "600741.SH": {"cutoff_price": 17.65, "return_1m": 0.028328611898017,