{"600153.SH": {"cutoff_price": 9.63, "return_1m": 0.05399792315680161, "return_3m": 0.06542056074766345, "return_6m": -0.0726895119418485, "return_12m": 0.08826583592938729, "max_drawdown_6m": 0.23580786026200867, "max_gain_6m": 0.18899273104880565, "volatility_6m": 0.01959549190950776, "actual_dividends": 0.7, "data_available_months": 13}, "601166.SH": {"cutoff_price": 16.21, "return_1m": -0.034546576187538584, "return_3m": -0.026526835286860055, "return_6m": 0.08698334361505244, "return_12m": 0.18383713756940162, "max_drawdown_6m": 0.08600237247924077, "max_gain_6m": 0.13016656384947559, "volatility_6m": 0.009836637423561152, "actual_dividends": 1.04, "data_available_months": 13}, "600755.SH": {"cutoff_price": 6.97, "return_1m": -0.005738880918220952, "return_3m": 0.04160688665710187, "return_6m": 0.028694404591104762, "return_12m": -0.040172166427546535, "max_drawdown_6m": 0.13414634146341461, "max_gain_6m": 0.17647058823529405, "volatility_6m": 0.015292000121026115, "actual_dividends": 0.5, "data_available_months": 13}, "601009.SH": {"cutoff_price": 7.38, "return_1m": 0.1192411924119241, "return_3m": 0.21409214092140935, "return_6m": 0.407859078590786, "return_12m": 0.46476964769647705, "max_drawdown_6m": 0.08533077660594444, "max_gain_6m": 0.4132791327913279, "volatility_6m": 0.012673546738913832, "actual_dividends": 0.88296, "data_available_months": 13}, "601169.SH": {"cutoff_price": 4.53, "return_1m": 0.11479028697571735, "return_3m": 0.24944812362030902, "return_6m": 0.2891832229580573, "return_12m": 0.368653421633554, "max_drawdown_6m": 0.057724957555178244, "max_gain_6m": 0.30022075055187625, "volatility_6m": 0.01058550680991656, "actual_dividends": 0.32, "data_available_months": 13}, "601919.SH": {"cutoff_price": 9.58, "return_1m": 0.045929018789143995, "return_3m": 0.08037578288100204, "return_6m": 0.616910229645094, "return_12m": 0.57098121085595, "max_drawdown_6m": 0.12572759022118743, "max_gain_6m": 0.7933194154488518, "volatility_6m": 0.021910312893457018, "actual_dividends": 0.75, "data_available_months": 13}, "600064.SH": {"cutoff_price": 6.04, "return_1m": 0.013245033112582794, "return_3m": 0.0347682119205298, "return_6m": 0.004966887417218584, "return_12m": 0.28145695364238416, "max_drawdown_6m": 0.13284671532846706, "max_gain_6m": 0.1341059602649006, "volatility_6m": 0.012288524991308145, "actual_dividends": 0.28, "data_available_months": 13}, "000002.SZ": {"cutoff_price": 10.46, "return_1m": -0.06405353728489499, "return_3m": -0.13957934990439777, "return_6m": -0.3374760994263863, "return_12m": -0.2791586998087955, "max_drawdown_6m": 0.3594515181194907, "max_gain_6m": -0.02390057361376673, "volatility_6m": 0.02771254597986841, "actual_dividends": 0.0, "data_available_months": 13}, "600820.SH": {"cutoff_price": 5.76, "return_1m": 0.041666666666666706, "return_3m": 0.059027777777777755, "return_6m": 0.13368055555555564, "return_12m": 0.22222222222222227, "max_drawdown_6m": 0.09618573797678276, "max_gain_6m": 0.23263888888888887, "volatility_6m": 0.016729310086912245, "actual_dividends": 0.33, "data_available_months": 13}, "600971.SH": {"cutoff_price": 11.15, "return_1m": -0.014349775784753376, "return_3m": 0.1022421524663676, "return_6m": 0.07085201793721965, "return_12m": -0.1506726457399103, "max_drawdown_6m": 0.17436974789915968, "max_gain_6m": 0.2807174887892376, "volatility_6m": 0.022628586821146594, "actual_dividends": 0.85, "data_available_months": 13}, "601668.SH": {"cutoff_price": 4.81, "return_1m": 0.07692307692307696, "return_3m": 0.08939708939708953, "return_6m": 0.10395010395010396, "return_12m": 0.2598752598752599, "max_drawdown_6m": 0.1086587436332767, "max_gain_6m": 0.22453222453222457, "volatility_6m": 0.014480064749164629, "actual_dividends": 0.27145, "data_available_months": 13}, "600177.SH": {"cutoff_price": 6.55, "return_1m": 0.03511450381679396, "return_3m": 0.08244274809160305, "return_6m": 0.08702290076335882, "return_12m": 0.3251908396946565, "max_drawdown_6m": 0.1318681318681318, "max_gain_6m": 0.25038167938931294, "volatility_6m": 0.01324234954476825, "actual_dividends": 0.7, "data_available_months": 13}, "000937.SZ": {"cutoff_price": 7.14, "return_1m": 0.056022408963585485, "return_3m": 0.06862745098039219, "return_6m": -0.06162464985994391, "return_12m": -0.10924369747899151, "max_drawdown_6m": 0.2215709261430246, "max_gain_6m": 0.19467787114845936, "volatility_6m": 0.0183782444797318, "actual_dividends": 0.8, "data_available_months": 13}, "600655.SH": {"cutoff_price": 6.21, "return_1m": 0.017713365539452547, "return_3m": -0.014492753623188383, "return_6m": -0.1706924315619967, "return_12m": 0.037037037037037104, "max_drawdown_6m": 0.24890190336749637, "max_gain_6m": 0.09983896940418681, "volatility_6m": 0.01627601733333587, "actual_dividends": 0.19, "data_available_months": 13}, "601699.SH": {"cutoff_price": 21.91, "return_1m": 0.06663623916020087, "return_3m": -0.05568233683249652, "return_6m": -0.1725239616613419, "return_12m": -0.32907348242811507, "max_drawdown_6m": 0.35863781482795326, "max_gain_6m": 0.2866271109082611, "volatility_6m": 0.025881500271551706, "actual_dividends": 1.589, "data_available_months": 13}, "600057.SH": {"cutoff_price": 6.71, "return_1m": -0.02533532041728762, "return_3m": -0.013412816691505194, "return_6m": 0.013412816691505194, "return_12m": -0.03427719821162437, "max_drawdown_6m": 0.15335868187579213, "max_gain_6m": 0.17585692995529056, "volatility_6m": 0.019053536834256275, "actual_dividends": 0.3, "data_available_months": 13}, "600048.SH": {"cutoff_price": 9.9, "return_1m": -0.013131313131313209, "return_3m": -0.07777777777777774, "return_6m": -0.1151515151515152, "return_12m": -0.0717171717171718, "max_drawdown_6m": 0.2234042553191489, "max_gain_6m": 0.1393939393939393, "volatility_6m": 0.02563916751817178, "actual_dividends": 0.41, "data_available_months": 13}, "600585.SH": {"cutoff_price": 22.56, "return_1m": 0.011081560283687944, "return_3m": -0.01241134751773039, "return_6m": 0.04565602836879438, "return_12m": 0.08687943262411352, "max_drawdown_6m": 0.12004850444624086, "max_gain_6m": 0.12588652482269502, "volatility_6m": 0.014197809809706183, "actual_dividends": 0.96, "data_available_months": 13}, "601186.SH": {"cutoff_price": 7.61, "return_1m": 0.15768725361366626, "return_3m": 0.12614980289093297, "return_6m": 0.12614980289093297, "return_12m": 0.2417871222076214, "max_drawdown_6m": 0.09194097616345068, "max_gain_6m": 0.18396846254927718, "volatility_6m": 0.01804114674101969, "actual_dividends": 0.7, "data_available_months": 13}, "601318.SH": {"cutoff_price": 40.3, "return_1m": -0.002729528535980135, "return_3m": 0.012655086848635363, "return_6m": 0.026302729528536038, "return_12m": 0.33746898263027303, "max_drawdown_6m": 0.14272747901066482, "max_gain_6m": 0.12803970223325073, "volatility_6m": 0.013383721234001705, "actual_dividends": 6.359999999999999, "data_available_months": 13}, "600639.SH": {"cutoff_price": 10.11, "return_1m": 0.32047477744807124, "return_3m": 0.15034619188921874, "return_6m": 0.009891196834817154, "return_12m": 0.10979228486646897, "max_drawdown_6m": 0.3315719947159842, "max_gain_6m": 0.49752720079129586, "volatility_6m": 0.03619820650701007, "actual_dividends": 0.57, "data_available_months": 13}, "000932.SZ": {"cutoff_price": 5.15, "return_1m": 0.04854368932038835, "return_3m": 0.027184466019417413, "return_6m": -0.13980582524271856, "return_12m": -0.16699029126213596, "max_drawdown_6m": 0.2618243243243243, "max_gain_6m": 0.14951456310679603, "volatility_6m": 0.021818501848828303, "actual_dividends": 0.23, "data_available_months": 13}, "600438.SH": {"cutoff_price": 25.03, "return_1m": -0.04115061925689177, "return_3m": -0.00639232920495406, "return_6m": -0.2365161805833001, "return_12m": -0.05153815421494218, "max_drawdown_6m": 0.3177436629775081, "max_gain_6m": 0.11905713144226929, "volatility_6m": 0.023213715112463475, "actual_dividends": 0.905, "data_available_months": 13}, "002756.SZ": {"cutoff_price": 52.21,