{"600376.SH": {"cutoff_price": 5.86, "return_1m": 0.1433447098976109, "return_3m": 0.1604095563139931, "return_6m": 0.015358361774744003, "return_12m": -0.03583617747440272, "max_drawdown_6m": 0.20877659574468077, "max_gain_6m": 0.2832764505119453, "volatility_6m": 0.020996473167778036, "actual_dividends": 0.4, "data_available_months": 12}, "600348.SH": {"cutoff_price": 4.22, "return_1m": 0.151658767772512, "return_3m": 0.1753554502369669, "return_6m": 0.3909952606635072, "return_12m": 0.675355450236967, "max_drawdown_6m": 0.1161048689138577, "max_gain_6m": 0.40758293838862575, "volatility_6m": 0.02580354218419716, "actual_dividends": 0.25, "data_available_months": 12}, "600919.SH": {"cutoff_price": 5.67, "return_1m": 0.061728395061728336, "return_3m": 0.10934744268077604, "return_6m": -0.04938271604938276, "return_12m": 0.27689594356261027, "max_drawdown_6m": 0.2032640949554896, "max_gain_6m": 0.18871252204585542, "volatility_6m": 0.01776254211877258, "actual_dividends": 0.316, "data_available_months": 12}, "601398.SH": {"cutoff_price": 4.98, "return_1m": 0.0, "return_3m": -0.008032128514056231, "return_6m": -0.0020080321285141918, "return_12m": 0.0502008032128514, "max_drawdown_6m": 0.12678571428571428, "max_gain_6m": 0.12449799196787131, "volatility_6m": 0.012654649297111518, "actual_dividends": 0.266, "data_available_months": 12}, "600015.SH": {"cutoff_price": 6.12, "return_1m": 0.04084967320261438, "return_3m": 0.008169934640522847, "return_6m": 0.008169934640522847, "return_12m": 0.022875816993464, "max_drawdown_6m": 0.1526610644257703, "max_gain_6m": 0.1666666666666666, "volatility_6m": 0.01400899301389609, "actual_dividends": 0.301, "data_available_months": 12}, "600188.SH": {"cutoff_price": 8.76, "return_1m": 0.05022831050228305, "return_3m": 0.1004566210045663, "return_6m": 0.1986301369863014, "return_12m": 0.8333333333333333, "max_drawdown_6m": 0.14666666666666658, "max_gain_6m": 0.32077625570776264, "volatility_6m": 0.02604773833894671, "actual_dividends": 1.0, "data_available_months": 12}, "002128.SZ": {"cutoff_price": 7.75, "return_1m": 0.5380645161290323, "return_3m": 0.31612903225806444, "return_6m": 0.4670967741935483, "return_12m": 0.4658064516129031, "max_drawdown_6m": 0.25847123719464143, "max_gain_6m": 0.6374193548387096, "volatility_6m": 0.034097742262361834, "actual_dividends": 0.4, "data_available_months": 12}, "600282.SH": {"cutoff_price": 3.23, "return_1m": 0.01857585139318887, "return_3m": -0.05572755417956661, "return_6m": -0.0030959752321980762, "return_12m": 0.10216718266253873, "max_drawdown_6m": 0.19892473118279574, "max_gain_6m": 0.15170278637770904, "volatility_6m": 0.021028761561487946, "actual_dividends": 0.25, "data_available_months": 12}, "601800.SH": {"cutoff_price": 7.34, "return_1m": 0.0790190735694823, "return_3m": 0.021798365122615824, "return_6m": -0.014986376021798288, "return_12m": -0.11035422343324246, "max_drawdown_6m": 0.1824401368301026, "max_gain_6m": 0.1948228882833787, "volatility_6m": 0.018051232493988913, "actual_dividends": 0.18088, "data_available_months": 12}, "601003.SH": {"cutoff_price": 4.43, "return_1m": 0.12641083521444707, "return_3m": 0.02483069977426644, "return_6m": 0.2302483069977428, "return_12m": 0.3453724604966141, "max_drawdown_6m": 0.1401515151515152, "max_gain_6m": 0.2302483069977428, "volatility_6m": 0.018719336557817302, "actual_dividends": 0.25, "data_available_months": 12}, "000932.SZ": {"cutoff_price": 3.77, "return_1m": 0.2122015915119364, "return_3m": 0.2970822281167108, "return_6m": 0.28647214854111397, "return_12m": 0.7320954907161804, "max_drawdown_6m": 0.18965517241379304, "max_gain_6m": 0.5384615384615384, "volatility_6m": 0.025084938565178252, "actual_dividends": 0.21, "data_available_months": 12}, "600295.SH": {"cutoff_price": 7.05, "return_1m": 0.2695035460992907, "return_3m": 0.22269503546099284, "return_6m": 0.6156028368794327, "return_12m": 1.7276595744680852, "max_drawdown_6m": 0.2543859649122807, "max_gain_6m": 0.7120567375886525, "volatility_6m": 0.03673179533768055, "actual_dividends": 0.8, "data_available_months": 12}, "600153.SH": {"cutoff_price": 8.1, "return_1m": 0.15061728395061738, "return_3m": 0.05802469135802477, "return_6m": 0.019753086419753103, "return_12m": 0.009876543209876552, "max_drawdown_6m": 0.2080536912751678, "max_gain_6m": 0.28765432098765437, "volatility_6m": 0.018748851671762587, "actual_dividends": 0.5, "data_available_months": 12}, "600104.SH": {"cutoff_price": 16.99, "return_1m": 0.06650971159505607, "return_3m": 0.13537374926427315, "return_6m": 0.37728075338434375, "return_12m": 0.3284284873454975, "max_drawdown_6m": 0.1820422535211267, "max_gain_6m": 0.6715715126545028, "volatility_6m": 0.02547075686002428, "actual_dividends": 0.62, "data_available_months": 12}, "002146.SZ": {"cutoff_price": 8.1, "return_1m": 0.011111111111111094, "return_3m": -0.0395061728395061, "return_6m": -0.1938271604938271, "return_12m": -0.28765432098765437, "max_drawdown_6m": 0.3463855421686748, "max_gain_6m": 0.2296296296296298, "volatility_6m": 0.018005798414627978, "actual_dividends": 0.35, "data_available_months": 12}, "000402.SZ": {"cutoff_price": 6.64, "return_1m": 0.03313253012048203, "return_3m": 0.012048192771084348, "return_6m": -0.021084337349397544, "return_12m": 0.05572289156626508, "max_drawdown_6m": 0.17219387755102036, "max_gain_6m": 0.1807228915662651, "volatility_6m": 0.014927111602233088, "actual_dividends": 0.3, "data_available_months": 12}, "000069.SZ": {"cutoff_price": 6.06, "return_1m": 0.18316831683168322, "return_3m": 0.13861386138613874, "return_6m": 0.10891089108910894, "return_12m": 0.27062706270627074, "max_drawdown_6m": 0.23185011709601872, "max_gain_6m": 0.4092409240924092, "volatility_6m": 0.021643748727011226, "actual_dividends": 0.4, "data_available_months": 12}, "000778.SZ": {"cutoff_price": 3.43, "return_1m": 0.08163265306122443, "return_3m": 0.05830903790087456, "return_6m": 0.08163265306122443, "return_12m": 0.1399416909620991, "max_drawdown_6m": 0.12439024390243898, "max_gain_6m": 0.19533527696792988, "volatility_6m": 0.016287045406695413, "actual_dividends": 0.15, "data_available_months": 12}, "601006.SH": {"cutoff_price": 7.04, "return_1m": -0.07102272727272728, "return_3m": -0.09375000000000001, "return_6m": -0.08238636363636365, "return_12m": -0.06534090909090909, "max_drawdown_6m": 0.09686609686609683, "max_gain_6m": -0.0028409090909091565, "volatility_6m": 0.010504554735537635, "actual_dividends": 0.48, "data_available_months": 12}, "601601.SH": {"cutoff_price": 27.25, "return_1m": 0.08146788990825683, "return_3m": 0.15449541284403673, "return_6m": 0.2990825688073394, "return_12m": 0.1394495412844037, "max_drawdown_6m": 0.13106508875739634, "max_gain_6m": 0.46238532110091746, "volatility_6m": 0.02455581865046515, "actual_dividends": 0.2, "data_available_months": 12}, "000830.SZ": {"cutoff_price": 7.46, "return_1m": 0.49999999999999994, "return_3m": 0.1997319034852546, "return_6m": 0.7332439678284182, "return_12m": 1.5067024128686326, "max_drawdown_6m": 0.26057529610829105, "max_gain_6m": 0.8230563002680965, "volatility_6m": 0.03210025282251199, "actual_dividends": 0.5, "data_available_months": 12}, "601216.SH": {"cutoff_price": 2.54, "return_1m": 1.6732283464566928, "return_3m": 1.889763779527559, "return_6m": 0.8307086614173229, "return_12m": 1.1023622047244093, "max_drawdown_6m": 0.5642722117202268, "max_gain_6m": 3.165354330708661, "volatility_6m": 0.05124538131561403, "actual_dividends": 0.3, "data_available_months": 12}, "600704.SH": {"cutoff_price": 4.21, "return_1m": 0.06888361045130642, "return_3m": 0.09026128266033252, "return_6m": 0.03325415676959612, "return_12m": 1.491686460807601, "max_drawdown_6m": 0.12474849094567407, "max_gain_6m": 0.18052256532066505, "volatility_6m": 0.014328747812020329, "actual_dividends": 0.2, "data_available_months": 12}, "600548.SH": {"cutoff_price": 9.14, "return_1m": -0.01203501094091917, "return_3m": -0.053610503282275734, "return_6m": -0.030634573304157673,